hour_start,web_events,mobile_events,sessions,purchases,late_events
2026-09-23T00:00:00-05:00,886065,1007207,120358,3614,16694
2026-09-23T01:00:00-05:00,704055,784111,95800,3041,11927
2026-09-23T02:00:00-05:00,592838,552776,70829,2414,9230
2026-09-23T03:00:00-05:00,543866,424016,63269,2111,6430
2026-09-23T04:00:00-05:00,538379,419744,63062,1934,7523
2026-09-23T05:00:00-05:00,581604,506085,71349,2335,8268
2026-09-23T06:00:00-05:00,622041,669003,81393,2918,9584
2026-09-23T07:00:00-05:00,672944,985149,104953,3199,14441
2026-09-23T08:00:00-05:00,912059,1268328,140193,4197,17546
2026-09-23T09:00:00-05:00,1183794,1305035,154557,4820,22489
2026-09-23T10:00:00-05:00,1465158,1164180,169732,5408,21445
2026-09-23T11:00:00-05:00,1693883,962029,168839,5604,18405
2026-09-23T12:00:00-05:00,2069143,883953,183327,6188,16127
2026-09-23T13:00:00-05:00,2095530,920754,190071,6386,17193
2026-09-23T14:00:00-05:00,2065687,735732,181184,5775,16535
2026-09-23T15:00:00-05:00,2003859,664742,173477,5866,14652
2026-09-23T16:00:00-05:00,1846508,684771,166846,5474,12813
2026-09-23T17:00:00-05:00,1670613,759597,157584,4849,12948
2026-09-23T18:00:00-05:00,1731906,1017975,178417,5258,17025
2026-09-23T19:00:00-05:00,1962226,1350229,213907,7750,24081
2026-09-23T20:00:00-05:00,1979022,1604016,230725,8242,22277
2026-09-23T21:00:00-05:00,1869240,1780328,244561,8287,23474
2026-09-23T22:00:00-05:00,1553050,1729816,209065,7609,23985
2026-09-23T23:00:00-05:00,1181530,1306971,163315,4921,20075
2026-09-24T00:00:00-05:00,873446,1023049,120626,3900,17207
2026-09-24T01:00:00-05:00,680394,700867,89943,2841,11316
2026-09-24T02:00:00-05:00,516932,502321,66456,2087,7542
2026-09-24T03:00:00-05:00,575561,465781,66831,2149,7149
2026-09-24T04:00:00-05:00,567403,408106,59427,1856,6272
2026-09-24T05:00:00-05:00,571730,487692,67701,2282,6417
2026-09-24T06:00:00-05:00,572371,715352,83801,2527,12323
2026-09-24T07:00:00-05:00,748427,1185932,122005,3885,15805
2026-09-24T08:00:00-05:00,909672,1290500,142684,4750,18836
2026-09-24T09:00:00-05:00,1132105,1280401,152832,5116,22958
2026-09-24T10:00:00-05:00,1330976,1069264,150812,4511,16817
2026-09-24T11:00:00-05:00,1844855,955026,182379,6064,15668
2026-09-24T12:00:00-05:00,1978627,901919,190639,5626,16633
2026-09-24T13:00:00-05:00,2071973,962881,196246,6591,18020
2026-09-24T14:00:00-05:00,2203523,789246,200223,6476,13918
2026-09-24T15:00:00-05:00,1823529,637563,162148,5508,11799
2026-09-24T16:00:00-05:00,1843833,667013,163696,5301,14091
2026-09-24T17:00:00-05:00,1724732,797745,167592,5397,15696
2026-09-24T18:00:00-05:00,1895794,1040325,186464,5651,20738
2026-09-24T19:00:00-05:00,1987625,1520157,227757,7980,25424
2026-09-24T20:00:00-05:00,2057298,1660411,230918,8325,25642
2026-09-24T21:00:00-05:00,2080862,1792980,249566,8405,29517
2026-09-24T22:00:00-05:00,1623973,1694818,213021,7847,26058
2026-09-24T23:00:00-05:00,1326098,1376791,167868,5527,17523
2026-09-25T00:00:00-05:00,909406,905132,115109,3510,14761
2026-09-25T01:00:00-05:00,665789,686051,84884,2456,9187
2026-09-25T02:00:00-05:00,575282,522184,70699,2378,7390
2026-09-25T03:00:00-05:00,519671,444601,61857,1893,6276
2026-09-25T04:00:00-05:00,523318,431609,62560,2009,7431
2026-09-25T05:00:00-05:00,575863,500854,66921,2106,7733
2026-09-25T06:00:00-05:00,602497,762359,89978,2774,12586
2026-09-25T07:00:00-05:00,724294,1129038,120919,4140,17510
2026-09-25T08:00:00-05:00,857789,1317954,144095,4847,18931
2026-09-25T09:00:00-05:00,1089268,1312844,152897,4892,20388
2026-09-25T10:00:00-05:00,1428547,1032081,159124,5020,16420
2026-09-25T11:00:00-05:00,1809833,998971,184028,6029,19009
2026-09-25T12:00:00-05:00,2045693,991843,190139,6410,17066
2026-09-25T13:00:00-05:00,2085644,852374,189356,5617,15944
2026-09-25T14:00:00-05:00,2259253,751072,186769,6151,14843
2026-09-25T15:00:00-05:00,1990950,640553,176189,5561,13779
2026-09-25T16:00:00-05:00,1814657,642884,157219,4826,13145
2026-09-25T17:00:00-05:00,1727870,755521,160666,5319,15231
2026-09-25T18:00:00-05:00,1859718,981686,185436,6262,16802
2026-09-25T19:00:00-05:00,2009035,1400966,218060,8159,26006
2026-09-25T20:00:00-05:00,2140126,1701909,241980,8091,28985
2026-09-25T21:00:00-05:00,1973727,1787845,246639,9007,28153
2026-09-25T22:00:00-05:00,1718837,1611809,220052,7593,25221
2026-09-25T23:00:00-05:00,1192361,1421843,166006,5092,18919
2026-09-26T00:00:00-05:00,843622,1219857,132204,4545,17464
2026-09-26T01:00:00-05:00,607071,851273,95015,3003,12833
2026-09-26T02:00:00-05:00,529163,632554,75028,2426,9957
2026-09-26T03:00:00-05:00,475976,504453,63795,1934,7717
2026-09-26T04:00:00-05:00,481710,520079,63381,1952,6703
2026-09-26T05:00:00-05:00,497596,544176,68193,2367,9665
2026-09-26T06:00:00-05:00,546875,856737,90439,2915,12045
2026-09-26T07:00:00-05:00,641851,1230320,118199,3767,19477
2026-09-26T08:00:00-05:00,824978,1497469,148948,4624,19989
2026-09-26T09:00:00-05:00,1002935,1469857,156543,5000,20179
2026-09-26T10:00:00-05:00,1344273,1260539,171601,5433,18643
2026-09-26T11:00:00-05:00,1668421,1169264,177728,5518,19355
2026-09-26T12:00:00-05:00,1938357,1003391,182190,5526,16802
2026-09-26T13:00:00-05:00,1932816,981610,188581,5941,20295
2026-09-26T14:00:00-05:00,1957887,912233,180372,5526,18094
2026-09-26T15:00:00-05:00,1805916,744396,166969,5660,15513
2026-09-26T16:00:00-05:00,1606032,786202,154707,5173,15403
2026-09-26T17:00:00-05:00,1653699,941903,168571,5216,15519
2026-09-26T18:00:00-05:00,1797698,1235765,198411,6199,22906
2026-09-26T19:00:00-05:00,1808916,1616954,218783,7043,24954
2026-09-26T20:00:00-05:00,1894458,1943632,241313,8079,35562
2026-09-26T21:00:00-05:00,1888176,2035183,251241,9042,30068
2026-09-26T22:00:00-05:00,1561923,1920158,223787,8476,28254
2026-09-26T23:00:00-05:00,1174897,1589599,178286,5667,22006
2026-09-27T00:00:00-05:00,870972,1155267,136325,3774,17087
2026-09-27T01:00:00-05:00,603764,888190,93589,2951,12069
2026-09-27T02:00:00-05:00,540952,608076,77421,2490,9476
2026-09-27T03:00:00-05:00,465937,489049,60489,1788,6463
2026-09-27T04:00:00-05:00,493999,497398,62755,2007,7081
2026-09-27T05:00:00-05:00,496229,571637,70606,2379,9700
2026-09-27T06:00:00-05:00,568228,893910,96397,3430,12353
2026-09-27T07:00:00-05:00,690794,1191308,117723,3444,15768
2026-09-27T08:00:00-05:00,828812,1580391,152689,5000,24952
2026-09-27T09:00:00-05:00,1043481,1441084,163178,5050,19957
2026-09-27T10:00:00-05:00,1292995,1225839,157443,5203,18106
2026-09-27T11:00:00-05:00,1607114,1057447,163396,5818,19260
2026-09-27T12:00:00-05:00,1923572,1089579,197592,6243,21294
2026-09-27T13:00:00-05:00,2116363,1010606,205568,6417,19115
2026-09-27T14:00:00-05:00,1911468,911448,178575,5257,13748
2026-09-27T15:00:00-05:00,1798728,758747,161744,5144,15891
2026-09-27T16:00:00-05:00,1629805,695262,151365,4480,10899
2026-09-27T17:00:00-05:00,1579568,902630,168244,5216,16634
2026-09-27T18:00:00-05:00,1804191,1220112,187171,5693,24158
2026-09-27T19:00:00-05:00,1817519,1623827,213790,7699,22862
2026-09-27T20:00:00-05:00,2026051,1981434,254844,8301,29179
2026-09-27T21:00:00-05:00,1866730,2087606,265569,9863,34946
2026-09-27T22:00:00-05:00,1546123,2075615,234448,8399,28401
2026-09-27T23:00:00-05:00,1155473,1601669,182220,6167,25324
2026-09-28T00:00:00-05:00,888839,1075642,127735,3847,15592
2026-09-28T01:00:00-05:00,713927,774643,94330,2915,12110
2026-09-28T02:00:00-05:00,531160,562359,71738,2314,9079
2026-09-28T03:00:00-05:00,511460,454490,62337,2100,7391
2026-09-28T04:00:00-05:00,544088,426967,62376,1909,7078
2026-09-28T05:00:00-05:00,529837,483542,65269,2062,7482
2026-09-28T06:00:00-05:00,618872,706535,84994,2674,10743
2026-09-28T07:00:00-05:00,696447,1061334,112820,3807,15058
2026-09-28T08:00:00-05:00,898755,1358093,147555,5256,18384
2026-09-28T09:00:00-05:00,1162185,1302798,158407,5160,17821
2026-09-28T10:00:00-05:00,1540407,1071402,167981,5763,19014
2026-09-28T11:00:00-05:00,1804639,986011,182885,5912,17594
2026-09-28T12:00:00-05:00,2178856,873510,205263,6298,14533
2026-09-28T13:00:00-05:00,2124141,833032,189791,6460,15554
2026-09-28T14:00:00-05:00,2141687,760929,188634,6249,14951
2026-09-28T15:00:00-05:00,1953116,663364,171227,5998,13317
2026-09-28T16:00:00-05:00,1672164,636670,149226,5023,11391
2026-09-28T17:00:00-05:00,1741745,757166,162748,5092,12592
2026-09-28T18:00:00-05:00,1754678,1041271,173001,5590,17247
2026-09-28T19:00:00-05:00,1951328,1454295,217972,7706,23465
2026-09-28T20:00:00-05:00,2060467,1615686,242210,9385,25431
2026-09-28T21:00:00-05:00,2003661,1785611,239830,10048,26151
2026-09-28T22:00:00-05:00,1574342,1586221,207453,7475,21132
2026-09-28T23:00:00-05:00,1270879,1384270,169071,5178,19851
2026-09-29T00:00:00-05:00,941770,1014295,125000,3873,16441
2026-09-29T01:00:00-05:00,699551,762160,96370,3068,10053
2026-09-29T02:00:00-05:00,578619,529913,73720,2529,9408
2026-09-29T03:00:00-05:00,522033,421471,61668,1840,6501
2026-09-29T04:00:00-05:00,561600,413108,63864,2133,7235
2026-09-29T05:00:00-05:00,575976,540628,73404,2522,7594
2026-09-29T06:00:00-05:00,625311,747811,89111,2648,11859
2026-09-29T07:00:00-05:00,709170,1073044,113667,3616,18935
2026-09-29T08:00:00-05:00,940810,1328206,147034,4987,20875
2026-09-29T09:00:00-05:00,1143219,1367638,162950,5035,18263
2026-09-29T10:00:00-05:00,1467626,1138617,162246,5492,16746
2026-09-29T11:00:00-05:00,1749529,980660,180852,5897,17869
2026-09-29T12:00:00-05:00,2063065,955871,192740,6071,16729
2026-09-29T13:00:00-05:00,2121689,929142,195380,6012,17899
2026-09-29T14:00:00-05:00,2129636,819886,198983,5910,16695
2026-09-29T15:00:00-05:00,2156755,638795,176808,5880,14099
2026-09-29T16:00:00-05:00,1800399,654963,154279,5056,11824
2026-09-29T17:00:00-05:00,1722736,806187,167632,5595,14999
2026-09-29T18:00:00-05:00,1863453,1071272,189089,6109,20006
2026-09-29T19:00:00-05:00,2306145,1427412,233219,8719,24651
2026-09-29T20:00:00-05:00,2233371,1604408,250044,8992,25707
2026-09-29T21:00:00-05:00,1995430,1885994,248823,9254,35687
2026-09-29T22:00:00-05:00,1687479,1551413,205944,7452,24803
2026-09-29T23:00:00-05:00,1173869,1350704,158374,4786,19328
2026-09-30T00:00:00-05:00,886744,986969,118595,3691,17526
2026-09-30T01:00:00-05:00,652678,685541,84718,2604,10859
2026-09-30T02:00:00-05:00,566120,532010,72028,2259,7638
2026-09-30T03:00:00-05:00,568051,450354,64939,1927,6984
2026-09-30T04:00:00-05:00,565555,431236,66198,2244,7431
2026-09-30T05:00:00-05:00,539090,498160,66571,2394,7622
2026-09-30T06:00:00-05:00,606355,761695,86317,2858,14039
2026-09-30T07:00:00-05:00,724563,1183069,122341,4094,17362
2026-09-30T08:00:00-05:00,965648,1303434,148559,5096,20411
2026-09-30T09:00:00-05:00,1234889,1255774,163949,4979,21227
2026-09-30T10:00:00-05:00,1446196,1043348,154554,4870,17137
2026-09-30T11:00:00-05:00,1780707,925992,179328,5877,16411
2026-09-30T12:00:00-05:00,2017304,895157,191331,5960,14513
2026-09-30T13:00:00-05:00,2147673,841716,190223,5776,15079
2026-09-30T14:00:00-05:00,2022376,772089,179829,5483,15620
2026-09-30T15:00:00-05:00,1970695,697391,170301,5834,14085
2026-09-30T16:00:00-05:00,1698036,613819,150030,4669,11642
2026-09-30T17:00:00-05:00,1840280,777766,167247,5183,13097
2026-09-30T18:00:00-05:00,1847648,977194,178929,5858,14796
2026-09-30T19:00:00-05:00,2155240,1427171,236266,7981,24842
2026-09-30T20:00:00-05:00,2021855,1744530,258201,8587,28155
2026-09-30T21:00:00-05:00,1940272,1692847,238427,8794,22072
2026-09-30T22:00:00-05:00,1585906,1611684,196024,7408,21350
2026-09-30T23:00:00-05:00,1199133,1327790,159633,4887,21329
2026-10-01T00:00:00-05:00,853746,986066,115910,3528,16700
2026-10-01T01:00:00-05:00,692976,718191,95368,3196,9408
2026-10-01T02:00:00-05:00,586968,541026,73241,2377,8172
2026-10-01T03:00:00-05:00,578981,449751,68006,2095,7002
2026-10-01T04:00:00-05:00,590545,428322,66424,2258,8089
2026-10-01T05:00:00-05:00,563452,517047,67529,1985,8713
2026-10-01T06:00:00-05:00,658089,717089,87797,2860,11521
2026-10-01T07:00:00-05:00,711342,1009626,106684,3627,15416
2026-10-01T08:00:00-05:00,914913,1240214,139697,4629,18825
2026-10-01T09:00:00-05:00,1213116,1320710,164326,5691,23005
2026-10-01T10:00:00-05:00,1354378,1037706,149452,4518,17515
2026-10-01T11:00:00-05:00,1769957,958392,179538,5949,16111
2026-10-01T12:00:00-05:00,1978121,865699,181693,5616,18444
2026-10-01T13:00:00-05:00,2064636,864891,184199,5916,15073
2026-10-01T14:00:00-05:00,2281790,810489,199639,6572,16034
2026-10-01T15:00:00-05:00,2163309,666506,185462,5483,15164
2026-10-01T16:00:00-05:00,1800162,675913,158413,5057,12780
2026-10-01T17:00:00-05:00,1808895,746288,160427,5050,15175
2026-10-01T18:00:00-05:00,1776290,1052435,187981,5979,17607
2026-10-01T19:00:00-05:00,2004970,1459632,226031,7264,20663
2026-10-01T20:00:00-05:00,2175678,1640099,243782,8850,21468
2026-10-01T21:00:00-05:00,2021222,1694256,253834,9082,28052
2026-10-01T22:00:00-05:00,1655588,1652505,212057,7470,25582
2026-10-01T23:00:00-05:00,1198047,1291370,166157,5467,17226
2026-10-02T00:00:00-05:00,884604,967422,119102,3759,18015
2026-10-02T01:00:00-05:00,695602,704495,89259,2895,12747
2026-10-02T02:00:00-05:00,605502,566425,74067,2406,9495
2026-10-02T03:00:00-05:00,503439,426186,59895,1973,7107
2026-10-02T04:00:00-05:00,544864,412622,62675,2123,6465
2026-10-02T05:00:00-05:00,526909,477440,66844,2095,8069
2026-10-02T06:00:00-05:00,574380,795518,90262,2751,11851
2026-10-02T07:00:00-05:00,735064,1144015,119006,3738,17266
2026-10-02T08:00:00-05:00,894624,1309666,140484,4263,15692
2026-10-02T09:00:00-05:00,1121266,1217800,155318,4514,19224
2026-10-02T10:00:00-05:00,1434509,1075379,162408,4796,19430
2026-10-02T11:00:00-05:00,1869322,955832,184838,5409,16197
2026-10-02T12:00:00-05:00,2153855,903085,201836,6206,17055
2026-10-02T13:00:00-05:00,2074841,854951,187706,5686,16029
2026-10-02T14:00:00-05:00,2146347,718648,183585,5790,16721
2026-10-02T15:00:00-05:00,2082376,649721,174163,5560,12468
2026-10-02T16:00:00-05:00,1774356,638128,159027,5359,13724
2026-10-02T17:00:00-05:00,1694363,777737,154890,4977,14724
2026-10-02T18:00:00-05:00,1874757,972357,177414,6008,16839
2026-10-02T19:00:00-05:00,2138099,1260040,216722,7011,21534
2026-10-02T20:00:00-05:00,2128222,1744166,249218,8622,32158
2026-10-02T21:00:00-05:00,1972286,1831999,246816,8587,24164
2026-10-02T22:00:00-05:00,1642816,1705186,208719,7196,26640
2026-10-02T23:00:00-05:00,1274173,1369937,176055,5795,22874
2026-10-03T00:00:00-05:00,798725,1225642,133709,4054,20082
2026-10-03T01:00:00-05:00,615692,845020,91681,2924,13185
2026-10-03T02:00:00-05:00,551428,579662,74658,2348,9860
2026-10-03T03:00:00-05:00,486540,536520,66815,2235,7686
2026-10-03T04:00:00-05:00,514406,503483,65508,2117,8472
2026-10-03T05:00:00-05:00,534229,596545,70940,2489,8909
2026-10-03T06:00:00-05:00,592386,865764,93957,3010,11669
2026-10-03T07:00:00-05:00,694738,1192531,120910,3772,17848
2026-10-03T08:00:00-05:00,816156,1600664,153721,4923,23588
2026-10-03T09:00:00-05:00,1005991,1500996,162858,5345,21286
2026-10-03T10:00:00-05:00,1283504,1204081,157218,4818,18328
2026-10-03T11:00:00-05:00,1662730,1053006,172668,5723,17436
2026-10-03T12:00:00-05:00,1880296,1088028,191711,5908,20486
2026-10-03T13:00:00-05:00,1952898,1009558,188215,5778,19288
2026-10-03T14:00:00-05:00,2033524,904518,187778,6371,15905
2026-10-03T15:00:00-05:00,1774416,727461,158155,4809,13615
2026-10-03T16:00:00-05:00,1796461,752553,164871,5192,14615
2026-10-03T17:00:00-05:00,1590029,864414,161263,5033,15427
2026-10-03T18:00:00-05:00,1574943,1169134,176453,6179,18842
2026-10-03T19:00:00-05:00,1777673,1574954,214855,7571,23314
2026-10-03T20:00:00-05:00,1920622,1938830,254407,8878,32057
2026-10-03T21:00:00-05:00,1784853,1844453,236760,8028,28452
2026-10-03T22:00:00-05:00,1416838,1917342,216815,8258,29122
2026-10-03T23:00:00-05:00,1108844,1475623,169488,5170,23117
2026-10-04T00:00:00-05:00,793367,1203192,130172,4187,14721
2026-10-04T01:00:00-05:00,657239,812706,93793,2923,11511
2026-10-04T02:00:00-05:00,552294,625601,77645,2651,10285
2026-10-04T03:00:00-05:00,473394,506443,62747,2012,7106
2026-10-04T04:00:00-05:00,497932,512078,69680,2081,7213
2026-10-04T05:00:00-05:00,508571,554053,67122,2169,8333
2026-10-04T06:00:00-05:00,595297,880079,95181,2966,11516
2026-10-04T07:00:00-05:00,702498,1250068,126520,3980,18063
2026-10-04T08:00:00-05:00,760563,1429160,145012,4900,20021
2026-10-04T09:00:00-05:00,1027609,1499108,159493,4951,21560
2026-10-04T10:00:00-05:00,1388742,1312397,180435,6108,21018
2026-10-04T11:00:00-05:00,1553721,1104594,174981,5622,18276
2026-10-04T12:00:00-05:00,1796699,1034854,188590,5761,18451
2026-10-04T13:00:00-05:00,2026978,1021181,193671,6037,17292
2026-10-04T14:00:00-05:00,1928681,826581,174706,5842,15896
2026-10-04T15:00:00-05:00,1864925,789209,170386,5707,15631
2026-10-04T16:00:00-05:00,1635978,733895,152591,4711,14009
2026-10-04T17:00:00-05:00,1528725,938400,157568,5024,18088
2026-10-04T18:00:00-05:00,1653822,1182272,184002,6281,19246
2026-10-04T19:00:00-05:00,1862595,1560013,216247,7064,22631
2026-10-04T20:00:00-05:00,2031808,1864545,251765,8664,28796
2026-10-04T21:00:00-05:00,1696146,2059054,241444,8172,35431
2026-10-04T22:00:00-05:00,1536114,2051892,230940,7660,30444
2026-10-04T23:00:00-05:00,1184552,1552711,178612,5998,22257
2026-10-05T00:00:00-05:00,876914,1077994,129962,3861,17474
2026-10-05T01:00:00-05:00,685358,725385,92413,2665,10581
2026-10-05T02:00:00-05:00,573991,553570,72247,2382,9013
2026-10-05T03:00:00-05:00,527380,476260,65245,2164,7190
2026-10-05T04:00:00-05:00,539095,439951,64116,2140,6780
2026-10-05T05:00:00-05:00,556878,487458,65152,2088,8265
2026-10-05T06:00:00-05:00,619169,735169,86394,2945,10060
2026-10-05T07:00:00-05:00,722046,1130950,124309,3978,18972
2026-10-05T08:00:00-05:00,836675,1265478,137524,4740,18203
2026-10-05T09:00:00-05:00,1160855,1214996,152454,5139,17681
2026-10-05T10:00:00-05:00,1451079,1089378,161131,4842,15890
2026-10-05T11:00:00-05:00,1693944,893998,165377,5186,14905
2026-10-05T12:00:00-05:00,1932284,867130,179765,5634,16304
2026-10-05T13:00:00-05:00,2087350,823208,187616,6386,15170
2026-10-05T14:00:00-05:00,2117173,785260,190304,6373,14159
2026-10-05T15:00:00-05:00,2044299,641101,167936,5532,12666
2026-10-05T16:00:00-05:00,1906594,640775,165972,5231,13754
2026-10-05T17:00:00-05:00,1768420,786516,167230,5584,13110
2026-10-05T18:00:00-05:00,1693026,1009038,176247,5808,16210
2026-10-05T19:00:00-05:00,2016481,1376443,223651,7679,22650
2026-10-05T20:00:00-05:00,2057067,1526187,220980,7985,24670
2026-10-05T21:00:00-05:00,1990336,1708884,236877,8432,26145
2026-10-05T22:00:00-05:00,1631012,1637737,210029,7508,23434
2026-10-05T23:00:00-05:00,1290891,1256041,162849,4930,19696
2026-10-06T00:00:00-05:00,881813,1015780,122250,4147,15490
2026-10-06T01:00:00-05:00,678138,729556,90100,2937,11464
2026-10-06T02:00:00-05:00,600062,535010,72551,2296,8303
2026-10-06T03:00:00-05:00,529879,458244,62969,1984,7126
2026-10-06T04:00:00-05:00,535691,422328,64656,2010,5989
2026-10-06T05:00:00-05:00,556905,499325,66389,2217,8977
2026-10-06T06:00:00-05:00,607895,729003,84042,2660,11616
2026-10-06T07:00:00-05:00,779851,1174123,129265,4140,16561
2026-10-06T08:00:00-05:00,899268,1270725,141273,4391,16574
2026-10-06T09:00:00-05:00,1130998,1298152,157893,4787,18251
2026-10-06T10:00:00-05:00,1444808,1138227,163993,4973,19381
2026-10-06T11:00:00-05:00,1735908,966369,175246,5308,18136
2026-10-06T12:00:00-05:00,2047119,852447,189776,6422,15070
2026-10-06T13:00:00-05:00,2235350,891747,198026,6321,18067
2026-10-06T14:00:00-05:00,2266273,771976,199080,6986,15909
2026-10-06T15:00:00-05:00,1884046,635531,162046,5296,13342
2026-10-06T16:00:00-05:00,1897050,691687,167966,5132,13195
2026-10-06T17:00:00-05:00,1771937,806948,167262,5135,15609
2026-10-06T18:00:00-05:00,1831474,974226,178642,5903,16906
2026-10-06T19:00:00-05:00,2104402,1388306,222288,8314,23049
2026-10-06T20:00:00-05:00,1949954,1616295,228546,8158,29869
2026-10-06T21:00:00-05:00,1975095,1775933,234496,8066,31320
2026-10-06T22:00:00-05:00,1554138,1701665,206617,7184,26400
2026-10-06T23:00:00-05:00,1194810,1337256,164317,5225,16404
