date,files,executions_succeeded,executions_retried,executions_failed,lambda_invocations,lambda_errors,glue_p50_s,glue_p95_s,cost_glue_usd,cost_redshift_serverless_usd,cost_s3_usd,cost_athena_usd,cost_step_functions_usd,cost_lambda_usd,sales_usd
2026-09-07,653,651,0,2,668,1,92,165,10.35,2.42,0.93,0.56,0.12,0.07,1580009
2026-09-08,621,615,6,0,633,0,90,157,9.24,2.32,0.82,0.55,0.11,0.07,1567652
2026-09-09,648,644,0,4,665,1,96,160,9.84,2.48,0.86,0.58,0.11,0.07,1548941
2026-09-10,627,624,1,2,642,1,95,182,9.36,2.48,0.82,0.59,0.12,0.07,1596063
2026-09-11,633,624,8,1,647,0,102,184,9.02,2.25,0.82,0.57,0.11,0.07,1571820
2026-09-12,660,651,7,2,675,0,90,153,9.8,2.53,0.91,0.58,0.12,0.07,1922613
2026-09-13,723,714,4,5,742,1,103,197,11.24,2.8,0.94,0.69,0.14,0.08,1874838
2026-09-14,653,642,6,5,671,1,93,171,10.92,2.45,0.92,0.59,0.12,0.07,1705047
2026-09-15,635,630,1,4,652,0,89,167,9.7,2.42,0.86,0.57,0.11,0.07,1603904
2026-09-16,627,615,11,1,641,1,86,166,9.62,2.37,0.89,0.55,0.11,0.07,1585473
2026-09-17,638,637,0,1,652,0,90,147,10.69,2.51,0.9,0.59,0.12,0.08,1602814
2026-09-18,659,639,9,11,683,4,85,149,10.08,2.42,0.89,0.63,0.11,0.07,1622660
2026-09-19,673,667,4,2,688,1,85,164,10.58,2.41,0.92,0.58,0.11,0.08,1938142
2026-09-20,684,684,0,0,698,1,84,160,10.75,2.46,0.93,0.59,0.12,0.08,1848725
2026-09-21,635,631,4,0,648,0,92,155,9.05,2.32,0.91,0.59,0.11,0.07,1633140
2026-09-22,642,639,1,2,657,0,89,165,10.26,2.61,0.9,0.55,0.12,0.07,1552793
2026-09-23,627,619,8,0,640,1,83,141,9.24,2.34,0.81,0.57,0.1,0.07,1597717
2026-09-24,632,624,6,2,647,0,88,160,9.49,2.33,0.9,0.58,0.11,0.08,1596788
2026-09-25,622,616,1,5,639,1,87,148,8.76,2.34,0.83,0.58,0.1,0.07,1584958
2026-09-26,661,651,8,2,676,0,91,157,9.75,2.53,0.91,0.61,0.11,0.07,1891779
2026-09-27,685,682,0,3,702,1,94,176,9.7,2.62,0.91,0.66,0.12,0.08,1859454
2026-09-28,598,591,4,3,613,1,98,179,8.46,2.2,0.82,0.53,0.11,0.07,1607879
2026-09-29,617,614,1,2,631,1,89,174,8.9,2.29,0.83,0.58,0.11,0.07,1671210
2026-09-30,606,603,0,3,621,0,95,169,8.23,2.31,0.83,0.55,0.11,0.07,1580410
2026-10-01,614,582,31,1,627,1,89,412,9.02,2.42,0.83,0.57,0.1,0.07,1553550
2026-10-02,647,639,6,2,662,0,90,158,9.36,2.52,0.81,0.57,0.12,0.07,1502444
2026-10-03,659,659,0,0,672,0,102,176,9.1,2.64,0.95,0.59,0.11,0.08,1856222
2026-10-04,678,673,0,5,697,1,95,163,10.24,2.61,0.94,0.6,0.12,0.08,1901215
2026-10-05,618,614,2,2,632,1,94,164,9.11,2.56,0.84,0.54,0.1,0.07,1677114
2026-10-06,639,636,2,1,653,0,99,167,9.14,2.38,0.88,0.56,0.11,0.07,1639404
