interval_start,transactions,flagged,flag_rate,declined,avg_amount_usd,scoring_p95_ms
2026-10-06T00:00:00-05:00,3256,9,0.00284,4,62.43,44
2026-10-06T00:05:00-05:00,3334,10,0.00293,4,62.73,47
2026-10-06T00:10:00-05:00,3120,11,0.00347,5,61.33,44
2026-10-06T00:15:00-05:00,3304,12,0.00355,4,64.13,44
2026-10-06T00:20:00-05:00,3069,10,0.00339,4,60.07,48
2026-10-06T00:25:00-05:00,3101,13,0.00432,5,65.53,42
2026-10-06T00:30:00-05:00,3110,12,0.00394,5,60.97,46
2026-10-06T00:35:00-05:00,2847,12,0.00406,5,58.93,44
2026-10-06T00:40:00-05:00,3200,12,0.00379,5,62.28,44
2026-10-06T00:45:00-05:00,2841,10,0.00354,5,61.79,44
2026-10-06T00:50:00-05:00,2972,10,0.00345,3,62.18,44
2026-10-06T00:55:00-05:00,2917,9,0.00305,3,64.42,46
2026-10-06T01:00:00-05:00,2905,10,0.00352,4,60.57,47
2026-10-06T01:05:00-05:00,2655,11,0.00396,4,67.21,44
2026-10-06T01:10:00-05:00,2723,10,0.00354,4,61.05,42
2026-10-06T01:15:00-05:00,2761,12,0.00419,5,66.95,46
2026-10-06T01:20:00-05:00,2657,9,0.00335,4,61.72,44
2026-10-06T01:25:00-05:00,2781,10,0.00364,5,62.95,48
2026-10-06T01:30:00-05:00,2706,11,0.00401,4,64.31,45
2026-10-06T01:35:00-05:00,2750,9,0.00312,3,60.05,43
2026-10-06T01:40:00-05:00,2734,11,0.00401,5,60.63,44
2026-10-06T01:45:00-05:00,2675,10,0.00362,4,63.14,43
2026-10-06T01:50:00-05:00,2671,8,0.00305,3,64.04,45
2026-10-06T01:55:00-05:00,2633,9,0.00325,3,64.94,46
2026-10-06T02:00:00-05:00,2669,8,0.00305,4,61.79,45
2026-10-06T02:05:00-05:00,2778,11,0.00401,5,61.93,43
2026-10-06T02:10:00-05:00,2865,11,0.00375,5,59.13,45
2026-10-06T02:15:00-05:00,2717,9,0.00334,4,60.45,45
2026-10-06T02:20:00-05:00,2611,12,0.00451,4,63.61,44
2026-10-06T02:25:00-05:00,2754,10,0.00348,4,61.58,44
2026-10-06T02:30:00-05:00,2648,9,0.00332,3,62.55,45
2026-10-06T02:35:00-05:00,2645,9,0.00328,3,64.11,47
2026-10-06T02:40:00-05:00,2780,11,0.00383,3,60.28,44
2026-10-06T02:45:00-05:00,2640,10,0.00372,5,59.65,43
2026-10-06T02:50:00-05:00,2714,9,0.00349,4,60.07,44
2026-10-06T02:55:00-05:00,2538,10,0.00381,4,62.08,45
2026-10-06T03:00:00-05:00,2586,10,0.004,4,60.58,43
2026-10-06T03:05:00-05:00,3159,29,0.0091,13,45.33,47
2026-10-06T03:10:00-05:00,3364,53,0.0157,23,43.1,44
2026-10-06T03:15:00-05:00,2975,56,0.0189,18,43.38,46
2026-10-06T03:20:00-05:00,3154,56,0.0176,23,44.22,46
2026-10-06T03:25:00-05:00,2934,48,0.0162,23,43.29,44
2026-10-06T03:30:00-05:00,3142,40,0.0128,17,45.38,45
2026-10-06T03:35:00-05:00,3031,28,0.0094,13,42.88,46
2026-10-06T03:40:00-05:00,3189,19,0.0061,8,41.89,45
2026-10-06T03:45:00-05:00,2628,8,0.00298,3,59.36,43
2026-10-06T03:50:00-05:00,2611,8,0.00314,3,54.41,43
2026-10-06T03:55:00-05:00,2545,10,0.0041,4,58.81,44
2026-10-06T04:00:00-05:00,2661,9,0.00345,5,59.02,43
2026-10-06T04:05:00-05:00,2591,10,0.00405,4,61.86,42
2026-10-06T04:10:00-05:00,2737,9,0.00331,4,63.18,42
2026-10-06T04:15:00-05:00,2700,11,0.0041,5,60.53,43
2026-10-06T04:20:00-05:00,2553,9,0.00349,4,59.31,43
2026-10-06T04:25:00-05:00,2685,8,0.00301,3,60.11,43
2026-10-06T04:30:00-05:00,2886,8,0.00282,3,60.59,43
2026-10-06T04:35:00-05:00,2723,10,0.00383,4,61.81,43
2026-10-06T04:40:00-05:00,2716,10,0.00364,4,65.95,43
2026-10-06T04:45:00-05:00,2750,8,0.00304,3,62.46,45
2026-10-06T04:50:00-05:00,2545,11,0.00416,4,58.83,49
2026-10-06T04:55:00-05:00,2771,11,0.00391,4,59.15,42
2026-10-06T05:00:00-05:00,2562,8,0.00331,4,61.61,47
2026-10-06T05:05:00-05:00,2972,11,0.00359,6,61.36,45
2026-10-06T05:10:00-05:00,2803,10,0.00346,4,58.74,44
2026-10-06T05:15:00-05:00,2653,8,0.00316,3,61.61,44
2026-10-06T05:20:00-05:00,2989,10,0.00323,4,63.36,43
2026-10-06T05:25:00-05:00,3028,13,0.00432,5,57.18,42
2026-10-06T05:30:00-05:00,2973,12,0.00418,6,61.31,43
2026-10-06T05:35:00-05:00,2938,9,0.00304,3,59.6,43
2026-10-06T05:40:00-05:00,3148,9,0.00299,4,63.55,44
2026-10-06T05:45:00-05:00,3127,11,0.00359,5,61.26,45
2026-10-06T05:50:00-05:00,3236,11,0.00326,4,59.81,44
2026-10-06T05:55:00-05:00,3339,11,0.00335,5,62.25,49
2026-10-06T06:00:00-05:00,3356,12,0.0037,5,60.99,43
2026-10-06T06:05:00-05:00,3505,12,0.00332,4,66.27,44
2026-10-06T06:10:00-05:00,3582,16,0.00447,6,58.65,44
2026-10-06T06:15:00-05:00,3362,12,0.00351,5,62.36,48
2026-10-06T06:20:00-05:00,3683,15,0.00412,7,63.23,48
2026-10-06T06:25:00-05:00,3818,11,0.00293,5,62.59,45
2026-10-06T06:30:00-05:00,3686,10,0.00273,4,62.79,44
2026-10-06T06:35:00-05:00,3945,11,0.00268,4,60.15,45
2026-10-06T06:40:00-05:00,3984,13,0.00338,5,66.23,43
2026-10-06T06:45:00-05:00,4314,14,0.00313,5,64.17,46
2026-10-06T06:50:00-05:00,4068,15,0.00362,7,62.33,44
2026-10-06T06:55:00-05:00,4394,18,0.00409,7,58.51,44
2026-10-06T07:00:00-05:00,4517,16,0.00354,7,56.81,45
2026-10-06T07:05:00-05:00,4987,19,0.00383,7,61.38,47
2026-10-06T07:10:00-05:00,4789,17,0.00351,6,63.38,48
2026-10-06T07:15:00-05:00,4983,21,0.00413,9,58.4,45
2026-10-06T07:20:00-05:00,5405,15,0.00283,8,64.2,46
2026-10-06T07:25:00-05:00,5514,21,0.00377,8,65.78,48
2026-10-06T07:30:00-05:00,5774,24,0.0042,9,58.16,47
2026-10-06T07:35:00-05:00,5981,20,0.00329,8,63.9,44
2026-10-06T07:40:00-05:00,6230,21,0.00342,9,62.34,46
2026-10-06T07:45:00-05:00,6113,24,0.00393,11,62.19,47
2026-10-06T07:50:00-05:00,6491,23,0.00357,9,59.16,47
2026-10-06T07:55:00-05:00,6584,22,0.00341,9,64.74,47
2026-10-06T08:00:00-05:00,6722,22,0.00329,9,59.13,45
2026-10-06T08:05:00-05:00,6959,29,0.00417,11,60.33,48
2026-10-06T08:10:00-05:00,6689,29,0.00438,10,56.66,45
2026-10-06T08:15:00-05:00,7422,26,0.00355,12,63.15,45
2026-10-06T08:20:00-05:00,6963,33,0.0047,14,63.74,44
2026-10-06T08:25:00-05:00,7995,26,0.00331,11,60.98,45
2026-10-06T08:30:00-05:00,8455,35,0.00411,13,60.23,47
2026-10-06T08:35:00-05:00,7942,23,0.00295,11,60.33,45
2026-10-06T08:40:00-05:00,8293,31,0.0037,12,59.22,48
2026-10-06T08:45:00-05:00,8445,25,0.00295,9,59.58,47
2026-10-06T08:50:00-05:00,8870,28,0.00321,12,58.53,50
2026-10-06T08:55:00-05:00,8204,24,0.00297,10,59.01,45
2026-10-06T09:00:00-05:00,9366,29,0.00307,13,60.99,52
2026-10-06T09:05:00-05:00,8501,30,0.0035,12,63.68,48
2026-10-06T09:10:00-05:00,8838,29,0.00334,12,59.71,45
2026-10-06T09:15:00-05:00,8918,30,0.00341,12,57.92,46
2026-10-06T09:20:00-05:00,9157,33,0.00356,13,59.77,47
2026-10-06T09:25:00-05:00,9713,47,0.00483,18,60.54,48
2026-10-06T09:30:00-05:00,9747,32,0.00331,14,60.81,50
2026-10-06T09:35:00-05:00,9851,29,0.00298,11,64.21,48
2026-10-06T09:40:00-05:00,9570,36,0.00372,16,62.99,46
2026-10-06T09:45:00-05:00,9370,36,0.00389,14,57.69,48
2026-10-06T09:50:00-05:00,10098,34,0.00339,16,61.74,49
2026-10-06T09:55:00-05:00,10442,38,0.0036,16,60.04,47
2026-10-06T10:00:00-05:00,9876,33,0.00335,12,62.93,49
2026-10-06T10:05:00-05:00,10984,34,0.00309,12,62.22,48
2026-10-06T10:10:00-05:00,9776,31,0.00315,13,59.78,53
2026-10-06T10:15:00-05:00,9724,30,0.00309,11,62.74,47
2026-10-06T10:20:00-05:00,10594,46,0.00435,21,62.31,51
2026-10-06T10:25:00-05:00,10305,36,0.00348,15,59.44,47
2026-10-06T10:30:00-05:00,10371,44,0.00427,17,65.66,48
2026-10-06T10:35:00-05:00,11100,33,0.00295,13,63.66,48
2026-10-06T10:40:00-05:00,10680,41,0.00385,15,57.92,49
2026-10-06T10:45:00-05:00,10763,32,0.00297,15,65.83,50
2026-10-06T10:50:00-05:00,10547,41,0.00384,16,58.51,46
2026-10-06T10:55:00-05:00,10922,37,0.00338,16,59.47,49
2026-10-06T11:00:00-05:00,10571,45,0.00424,16,61.94,47
2026-10-06T11:05:00-05:00,11266,33,0.00292,13,58.66,47
2026-10-06T11:10:00-05:00,10266,37,0.00358,15,59.62,48
2026-10-06T11:15:00-05:00,10346,26,0.00255,11,55.8,46
2026-10-06T11:20:00-05:00,11025,48,0.0044,17,60.83,47
2026-10-06T11:25:00-05:00,10895,37,0.00341,16,63.18,47
2026-10-06T11:30:00-05:00,10742,36,0.00336,12,58.69,48
2026-10-06T11:35:00-05:00,10515,40,0.00379,15,65.22,46
2026-10-06T11:40:00-05:00,11407,35,0.00311,14,63.28,48
2026-10-06T11:45:00-05:00,10828,46,0.00422,18,65.43,51
2026-10-06T11:50:00-05:00,11574,42,0.00366,19,64.78,49
2026-10-06T11:55:00-05:00,11730,48,0.00412,19,60.38,49
2026-10-06T12:00:00-05:00,11530,48,0.00413,21,61.71,50
2026-10-06T12:05:00-05:00,11424,38,0.00332,12,60.49,47
2026-10-06T12:10:00-05:00,12227,57,0.0047,23,65.38,51
2026-10-06T12:15:00-05:00,11337,36,0.00317,15,61.46,49
2026-10-06T12:20:00-05:00,10922,36,0.00331,15,61.09,47
2026-10-06T12:25:00-05:00,11813,38,0.00322,17,56.08,49
2026-10-06T12:30:00-05:00,11379,34,0.00298,15,58.39,49
2026-10-06T12:35:00-05:00,12029,45,0.00375,18,62.11,47
2026-10-06T12:40:00-05:00,11820,49,0.00417,21,64.6,48
2026-10-06T12:45:00-05:00,11577,39,0.00334,15,60.53,47
2026-10-06T12:50:00-05:00,11863,40,0.00335,18,61.0,51
2026-10-06T12:55:00-05:00,12039,42,0.00347,17,59.58,47
2026-10-06T13:00:00-05:00,10980,37,0.00337,13,57.88,46
2026-10-06T13:05:00-05:00,10945,35,0.00322,15,59.83,50
2026-10-06T13:10:00-05:00,11608,38,0.00331,16,62.35,49
2026-10-06T13:15:00-05:00,11609,46,0.00393,17,59.34,48
2026-10-06T13:20:00-05:00,11655,53,0.00458,24,61.9,47
2026-10-06T13:25:00-05:00,11288,52,0.00463,20,59.11,50
2026-10-06T13:30:00-05:00,11350,39,0.00345,14,64.45,47
2026-10-06T13:35:00-05:00,11408,37,0.00323,17,56.31,49
2026-10-06T13:40:00-05:00,11235,36,0.00319,15,59.9,47
2026-10-06T13:45:00-05:00,11372,38,0.00335,17,60.05,48
2026-10-06T13:50:00-05:00,10857,37,0.00345,16,64.57,50
2026-10-06T13:55:00-05:00,11827,44,0.0037,17,62.98,49
2026-10-06T14:00:00-05:00,10866,33,0.00305,14,60.73,47
2026-10-06T14:05:00-05:00,11263,54,0.00476,19,70.88,52
2026-10-06T14:10:00-05:00,11238,38,0.00334,17,62.14,47
2026-10-06T14:15:00-05:00,10929,32,0.00292,12,61.02,47
2026-10-06T14:20:00-05:00,11590,38,0.00331,17,59.58,47
2026-10-06T14:25:00-05:00,10604,34,0.0032,15,59.61,46
2026-10-06T14:30:00-05:00,11567,37,0.00322,13,61.7,48
2026-10-06T14:35:00-05:00,11167,45,0.00407,17,60.91,47
2026-10-06T14:40:00-05:00,10478,38,0.00364,18,65.17,47
2026-10-06T14:45:00-05:00,10741,38,0.00351,16,59.2,48
2026-10-06T14:50:00-05:00,11080,43,0.00392,17,60.2,50
2026-10-06T14:55:00-05:00,10923,47,0.00433,21,60.46,48
2026-10-06T15:00:00-05:00,11815,46,0.00386,20,60.98,48
2026-10-06T15:05:00-05:00,10664,37,0.00347,16,58.43,48
2026-10-06T15:10:00-05:00,11278,43,0.00377,17,61.81,48
2026-10-06T15:15:00-05:00,11071,40,0.00362,13,56.93,49
2026-10-06T15:20:00-05:00,10644,41,0.00386,13,63.66,49
2026-10-06T15:25:00-05:00,11706,47,0.00404,20,60.72,47
2026-10-06T15:30:00-05:00,11761,42,0.00358,19,61.49,47
2026-10-06T15:35:00-05:00,11122,46,0.00412,24,62.18,49
2026-10-06T15:40:00-05:00,11515,48,0.00414,22,59.4,46
2026-10-06T15:45:00-05:00,11399,46,0.00399,17,61.68,48
2026-10-06T15:50:00-05:00,11142,45,0.00404,20,61.6,50
2026-10-06T15:55:00-05:00,11882,45,0.00382,18,62.25,49
2026-10-06T16:00:00-05:00,11320,46,0.00407,17,58.44,50
2026-10-06T16:05:00-05:00,11606,40,0.00343,18,59.72,49
2026-10-06T16:10:00-05:00,11794,40,0.0034,16,60.96,48
2026-10-06T16:15:00-05:00,11779,36,0.00306,18,60.35,48
2026-10-06T16:20:00-05:00,11603,35,0.00299,16,60.62,52
2026-10-06T16:25:00-05:00,11501,44,0.00383,18,68.04,48
2026-10-06T16:30:00-05:00,11386,39,0.00342,12,59.63,50
2026-10-06T16:35:00-05:00,12276,36,0.0029,16,62.34,50
2026-10-06T16:40:00-05:00,11792,39,0.00328,14,59.37,49
2026-10-06T16:45:00-05:00,12551,49,0.00394,23,59.88,49
2026-10-06T16:50:00-05:00,11696,47,0.00399,20,62.91,49
2026-10-06T16:55:00-05:00,11588,35,0.00299,14,62.63,47
2026-10-06T17:00:00-05:00,11407,33,0.00287,13,58.27,47
2026-10-06T17:05:00-05:00,12459,45,0.00361,17,59.4,50
2026-10-06T17:10:00-05:00,12290,44,0.00357,17,59.69,48
2026-10-06T17:15:00-05:00,11442,39,0.00337,16,58.66,49
2026-10-06T17:20:00-05:00,12281,39,0.00319,15,62.48,50
2026-10-06T17:25:00-05:00,12695,43,0.00341,19,59.26,48
2026-10-06T17:30:00-05:00,12578,54,0.00433,16,60.08,50
2026-10-06T17:35:00-05:00,12468,46,0.00372,17,62.21,49
2026-10-06T17:40:00-05:00,13034,58,0.00442,27,57.05,48
2026-10-06T17:45:00-05:00,13145,44,0.00333,18,59.39,51
2026-10-06T17:50:00-05:00,12515,52,0.00413,19,59.63,50
2026-10-06T17:55:00-05:00,12509,44,0.00352,17,61.01,48
2026-10-06T18:00:00-05:00,12797,43,0.00338,17,62.27,47
2026-10-06T18:05:00-05:00,12996,42,0.0032,16,63.6,48
2026-10-06T18:10:00-05:00,13438,43,0.0032,20,58.42,52
2026-10-06T18:15:00-05:00,12053,46,0.00384,18,60.22,50
2026-10-06T18:20:00-05:00,13437,51,0.00379,26,64.58,53
2026-10-06T18:25:00-05:00,12192,39,0.00323,17,65.43,48
2026-10-06T18:30:00-05:00,12561,44,0.00353,19,61.06,50
2026-10-06T18:35:00-05:00,13143,57,0.00431,25,60.17,49
2026-10-06T18:40:00-05:00,13151,48,0.00367,21,61.93,49
2026-10-06T18:45:00-05:00,12181,47,0.00383,21,64.5,48
2026-10-06T18:50:00-05:00,12688,48,0.00377,19,62.63,49
2026-10-06T18:55:00-05:00,12533,48,0.00379,22,66.24,50
2026-10-06T19:00:00-05:00,12151,45,0.00374,19,58.01,47
2026-10-06T19:05:00-05:00,12129,50,0.00415,23,61.61,50
2026-10-06T19:10:00-05:00,13278,40,0.00302,16,61.97,53
2026-10-06T19:15:00-05:00,12587,53,0.00425,23,57.28,49
2026-10-06T19:20:00-05:00,12257,45,0.00369,21,58.71,51
2026-10-06T19:25:00-05:00,10969,40,0.00364,15,59.41,48
2026-10-06T19:30:00-05:00,11614,47,0.00405,17,63.91,49
2026-10-06T19:35:00-05:00,10855,39,0.00356,18,63.32,47
2026-10-06T19:40:00-05:00,11090,40,0.0036,15,60.68,47
2026-10-06T19:45:00-05:00,11412,47,0.00415,17,59.45,46
2026-10-06T19:50:00-05:00,11684,35,0.00301,12,57.61,50
2026-10-06T19:55:00-05:00,11195,38,0.00341,17,61.17,48
2026-10-06T20:00:00-05:00,10670,34,0.0032,16,61.15,47
2026-10-06T20:05:00-05:00,10308,32,0.0031,12,61.53,54
2026-10-06T20:10:00-05:00,9723,34,0.00354,14,64.87,46
2026-10-06T20:15:00-05:00,9546,30,0.00319,12,58.83,45
2026-10-06T20:20:00-05:00,10377,29,0.00279,13,60.08,49
2026-10-06T20:25:00-05:00,9716,34,0.00352,14,67.95,47
2026-10-06T20:30:00-05:00,10116,42,0.0041,16,64.73,50
2026-10-06T20:35:00-05:00,9435,33,0.0035,14,58.49,51
2026-10-06T20:40:00-05:00,9384,28,0.00293,11,58.25,49
2026-10-06T20:45:00-05:00,9511,30,0.00314,13,62.16,49
2026-10-06T20:50:00-05:00,8773,28,0.00315,11,62.66,46
2026-10-06T20:55:00-05:00,9235,36,0.00391,16,58.91,49
2026-10-06T21:00:00-05:00,8650,27,0.00314,11,60.73,46
2026-10-06T21:05:00-05:00,8453,32,0.00383,15,60.27,45
2026-10-06T21:10:00-05:00,7909,29,0.00361,12,65.96,46
2026-10-06T21:15:00-05:00,8311,29,0.00351,12,60.02,46
2026-10-06T21:20:00-05:00,8245,27,0.00332,11,62.17,45
2026-10-06T21:25:00-05:00,7374,25,0.00333,11,62.84,47
2026-10-06T21:30:00-05:00,7355,21,0.00292,8,57.33,48
2026-10-06T21:35:00-05:00,7015,26,0.00368,11,61.11,50
2026-10-06T21:40:00-05:00,6464,23,0.00352,10,61.33,45
2026-10-06T21:45:00-05:00,6600,19,0.00292,9,60.7,45
2026-10-06T21:50:00-05:00,6649,19,0.0029,9,57.63,46
2026-10-06T21:55:00-05:00,6133,22,0.0036,9,60.67,45
2026-10-06T22:00:00-05:00,6045,25,0.00409,9,65.54,45
2026-10-06T22:05:00-05:00,5781,23,0.004,9,59.2,46
2026-10-06T22:10:00-05:00,6009,18,0.00301,9,61.13,45
2026-10-06T22:15:00-05:00,5516,22,0.00405,8,60.64,47
2026-10-06T22:20:00-05:00,5530,17,0.00307,7,62.56,45
2026-10-06T22:25:00-05:00,5219,19,0.00362,8,62.03,45
2026-10-06T22:30:00-05:00,5248,18,0.00344,7,58.83,44
2026-10-06T22:35:00-05:00,4952,21,0.00423,7,64.11,45
2026-10-06T22:40:00-05:00,5087,15,0.00295,7,65.22,45
2026-10-06T22:45:00-05:00,4702,15,0.00317,6,63.09,44
2026-10-06T22:50:00-05:00,4516,16,0.00349,6,60.91,44
2026-10-06T22:55:00-05:00,4547,13,0.00285,6,58.56,45
2026-10-06T23:00:00-05:00,4303,16,0.0036,6,63.16,45
2026-10-06T23:05:00-05:00,4366,14,0.00311,6,66.31,43
2026-10-06T23:10:00-05:00,4463,16,0.00365,6,62.3,46
2026-10-06T23:15:00-05:00,3906,14,0.00354,6,59.65,44
2026-10-06T23:20:00-05:00,3971,13,0.00321,6,59.65,45
2026-10-06T23:25:00-05:00,3707,14,0.00388,6,61.41,45
2026-10-06T23:30:00-05:00,3486,10,0.00292,4,60.1,45
2026-10-06T23:35:00-05:00,3905,13,0.0033,5,61.44,46
2026-10-06T23:40:00-05:00,3728,11,0.00303,4,62.55,46
2026-10-06T23:45:00-05:00,3849,12,0.00299,4,60.06,46
2026-10-06T23:50:00-05:00,3589,12,0.00327,5,58.21,48
2026-10-06T23:55:00-05:00,3632,12,0.00341,4,67.36,43
