date,dimension,checks_run,checks_failed,pass_rate
2026-09-07,Validity,1052,33,0.9686
2026-09-07,Freshness,1771,18,0.9898
2026-09-07,Volume,1767,14,0.9921
2026-09-07,Distribution,120,5,0.9583
2026-09-07,Uniqueness,318,3,0.9906
2026-09-07,Schema,1172,3,0.9974
2026-09-08,Validity,1039,14,0.9865
2026-09-08,Freshness,1805,6,0.9967
2026-09-08,Volume,1792,8,0.9955
2026-09-08,Distribution,121,6,0.9504
2026-09-08,Uniqueness,314,5,0.9841
2026-09-08,Schema,1191,1,0.9992
2026-09-09,Validity,1055,15,0.9858
2026-09-09,Freshness,1813,12,0.9934
2026-09-09,Volume,1760,12,0.9932
2026-09-09,Distribution,121,5,0.9587
2026-09-09,Uniqueness,313,4,0.9872
2026-09-09,Schema,1206,3,0.9975
2026-09-10,Validity,1065,21,0.9803
2026-09-10,Freshness,1753,9,0.9949
2026-09-10,Volume,1773,10,0.9944
2026-09-10,Distribution,121,6,0.9504
2026-09-10,Uniqueness,312,2,0.9936
2026-09-10,Schema,1193,2,0.9983
2026-09-11,Validity,1062,15,0.9859
2026-09-11,Freshness,1773,9,0.9949
2026-09-11,Volume,1786,8,0.9955
2026-09-11,Distribution,119,9,0.9244
2026-09-11,Uniqueness,313,3,0.9904
2026-09-11,Schema,1189,2,0.9983
2026-09-12,Validity,1046,17,0.9837
2026-09-12,Freshness,1835,11,0.994
2026-09-12,Volume,1784,8,0.9955
2026-09-12,Distribution,119,6,0.9496
2026-09-12,Uniqueness,317,4,0.9874
2026-09-12,Schema,1180,3,0.9975
2026-09-13,Validity,1056,26,0.9754
2026-09-13,Freshness,1805,10,0.9945
2026-09-13,Volume,1796,8,0.9955
2026-09-13,Distribution,121,6,0.9504
2026-09-13,Uniqueness,314,3,0.9904
2026-09-13,Schema,1219,3,0.9975
2026-09-14,Validity,1052,15,0.9857
2026-09-14,Freshness,1820,13,0.9929
2026-09-14,Volume,1834,9,0.9951
2026-09-14,Distribution,121,6,0.9504
2026-09-14,Uniqueness,311,4,0.9871
2026-09-14,Schema,1213,2,0.9984
2026-09-15,Validity,1050,17,0.9838
2026-09-15,Freshness,1803,9,0.995
2026-09-15,Volume,1825,7,0.9962
2026-09-15,Distribution,123,7,0.9431
2026-09-15,Uniqueness,318,3,0.9906
2026-09-15,Schema,1188,2,0.9983
2026-09-16,Validity,1063,28,0.9737
2026-09-16,Freshness,1810,13,0.9928
2026-09-16,Volume,1805,9,0.995
2026-09-16,Distribution,123,8,0.935
2026-09-16,Uniqueness,315,3,0.9905
2026-09-16,Schema,1203,3,0.9975
2026-09-17,Validity,1089,15,0.9862
2026-09-17,Freshness,1834,15,0.9918
2026-09-17,Volume,1843,7,0.9962
2026-09-17,Distribution,122,4,0.9672
2026-09-17,Uniqueness,317,4,0.9874
2026-09-17,Schema,1218,3,0.9975
2026-09-18,Validity,1085,21,0.9806
2026-09-18,Freshness,1828,12,0.9934
2026-09-18,Volume,1834,10,0.9945
2026-09-18,Distribution,123,7,0.9431
2026-09-18,Uniqueness,321,3,0.9907
2026-09-18,Schema,1199,4,0.9967
2026-09-19,Validity,1063,19,0.9821
2026-09-19,Freshness,1782,9,0.9949
2026-09-19,Volume,1805,8,0.9956
2026-09-19,Distribution,121,4,0.9669
2026-09-19,Uniqueness,320,3,0.9906
2026-09-19,Schema,1213,2,0.9984
2026-09-20,Validity,1061,22,0.9793
2026-09-20,Freshness,1832,9,0.9951
2026-09-20,Volume,1819,7,0.9962
2026-09-20,Distribution,123,9,0.9268
2026-09-20,Uniqueness,326,4,0.9877
2026-09-20,Schema,1214,3,0.9975
2026-09-21,Validity,1089,21,0.9807
2026-09-21,Freshness,1838,9,0.9951
2026-09-21,Volume,1798,10,0.9944
2026-09-21,Distribution,123,7,0.9431
2026-09-21,Uniqueness,329,3,0.9909
2026-09-21,Schema,1233,2,0.9984
2026-09-22,Validity,1081,11,0.9898
2026-09-22,Freshness,1810,14,0.9923
2026-09-22,Volume,1832,11,0.994
2026-09-22,Distribution,123,5,0.9593
2026-09-22,Uniqueness,320,2,0.9938
2026-09-22,Schema,1224,2,0.9984
2026-09-23,Validity,1068,16,0.985
2026-09-23,Freshness,1848,8,0.9957
2026-09-23,Volume,1833,5,0.9973
2026-09-23,Distribution,123,5,0.9593
2026-09-23,Uniqueness,317,4,0.9874
2026-09-23,Schema,1223,2,0.9984
2026-09-24,Validity,1072,43,0.9599
2026-09-24,Freshness,1812,11,0.9939
2026-09-24,Volume,1824,7,0.9962
2026-09-24,Distribution,123,6,0.9512
2026-09-24,Uniqueness,322,5,0.9845
2026-09-24,Schema,1225,1,0.9992
2026-09-25,Validity,1114,19,0.9829
2026-09-25,Freshness,1850,13,0.993
2026-09-25,Volume,1826,5,0.9973
2026-09-25,Distribution,124,6,0.9516
2026-09-25,Uniqueness,318,4,0.9874
2026-09-25,Schema,1239,2,0.9984
2026-09-26,Validity,1078,13,0.9879
2026-09-26,Freshness,1837,15,0.9918
2026-09-26,Volume,1815,6,0.9967
2026-09-26,Distribution,123,4,0.9675
2026-09-26,Uniqueness,324,2,0.9938
2026-09-26,Schema,1229,2,0.9984
2026-09-27,Validity,1070,20,0.9813
2026-09-27,Freshness,1842,9,0.9951
2026-09-27,Volume,1866,4,0.9979
2026-09-27,Distribution,126,6,0.9524
2026-09-27,Uniqueness,322,2,0.9938
2026-09-27,Schema,1235,2,0.9984
2026-09-28,Validity,1078,15,0.9861
2026-09-28,Freshness,1830,12,0.9934
2026-09-28,Volume,1847,5,0.9973
2026-09-28,Distribution,124,6,0.9516
2026-09-28,Uniqueness,329,3,0.9909
2026-09-28,Schema,1236,3,0.9976
2026-09-29,Validity,1095,17,0.9845
2026-09-29,Freshness,1883,11,0.9942
2026-09-29,Volume,1849,4,0.9978
2026-09-29,Distribution,128,4,0.9688
2026-09-29,Uniqueness,327,3,0.9908
2026-09-29,Schema,1234,2,0.9984
2026-09-30,Validity,1094,13,0.9881
2026-09-30,Freshness,1888,7,0.9963
2026-09-30,Volume,1884,7,0.9963
2026-09-30,Distribution,125,5,0.96
2026-09-30,Uniqueness,322,14,0.9565
2026-09-30,Schema,1229,1,0.9992
2026-10-01,Validity,1089,26,0.9761
2026-10-01,Freshness,1864,10,0.9946
2026-10-01,Volume,1845,8,0.9957
2026-10-01,Distribution,128,5,0.9609
2026-10-01,Uniqueness,322,3,0.9907
2026-10-01,Schema,1244,2,0.9984
2026-10-02,Validity,1086,13,0.988
2026-10-02,Freshness,1873,27,0.9856
2026-10-02,Volume,1823,27,0.9852
2026-10-02,Distribution,127,6,0.9528
2026-10-02,Uniqueness,329,2,0.9939
2026-10-02,Schema,1238,2,0.9984
2026-10-03,Validity,1087,25,0.977
2026-10-03,Freshness,1878,17,0.9909
2026-10-03,Volume,1845,12,0.9935
2026-10-03,Distribution,127,6,0.9528
2026-10-03,Uniqueness,323,2,0.9938
2026-10-03,Schema,1240,2,0.9984
2026-10-04,Validity,1103,31,0.9719
2026-10-04,Freshness,1905,11,0.9942
2026-10-04,Volume,1857,11,0.9941
2026-10-04,Distribution,126,4,0.9683
2026-10-04,Uniqueness,326,2,0.9939
2026-10-04,Schema,1246,2,0.9984
2026-10-05,Validity,1105,24,0.9783
2026-10-05,Freshness,1869,12,0.9936
2026-10-05,Volume,1850,17,0.9908
2026-10-05,Distribution,127,5,0.9606
2026-10-05,Uniqueness,329,12,0.9635
2026-10-05,Schema,1274,1,0.9992
2026-10-06,Validity,1107,26,0.9765
2026-10-06,Freshness,1850,10,0.9946
2026-10-06,Volume,1837,7,0.9962
2026-10-06,Distribution,127,5,0.9606
2026-10-06,Uniqueness,333,3,0.991
2026-10-06,Schema,1262,1,0.9992
