date,category,order_lines,units_sold,revenue_usd,avg_line_value_usd
2026-09-07,Grocery,559544,853921,2195744,3.92
2026-09-07,Home,402830,495075,3974998,9.87
2026-09-07,Apparel,358979,440480,3975643,11.07
2026-09-07,Electronics,323986,373578,7719514,23.83
2026-09-07,Beauty,204164,247283,1551719,7.6
2026-09-08,Grocery,611389,940665,2528936,4.14
2026-09-08,Home,404269,488080,4125285,10.2
2026-09-08,Apparel,353201,424150,4033624,11.42
2026-09-08,Electronics,346498,421005,8408847,24.27
2026-09-08,Beauty,210350,254913,1682964,8.0
2026-09-09,Grocery,583855,924350,2362707,4.05
2026-09-09,Home,423981,516414,4153823,9.8
2026-09-09,Apparel,359808,434184,4172676,11.6
2026-09-09,Electronics,352587,412305,8425651,23.9
2026-09-09,Beauty,207425,251289,1603391,7.73
2026-09-10,Grocery,576614,970833,2322841,4.03
2026-09-10,Home,367218,456632,3761540,10.24
2026-09-10,Apparel,369281,451861,4435946,12.01
2026-09-10,Electronics,324721,372420,7702278,23.72
2026-09-10,Beauty,213829,259117,1681179,7.86
2026-09-11,Grocery,644551,1033138,2599512,4.03
2026-09-11,Home,413373,494231,4036831,9.77
2026-09-11,Apparel,396469,483117,4569524,11.53
2026-09-11,Electronics,365546,450617,8894237,24.33
2026-09-11,Beauty,230195,274627,1848688,8.03
2026-09-12,Grocery,724023,1186916,2989492,4.13
2026-09-12,Home,475470,557302,4678355,9.84
2026-09-12,Apparel,420519,498924,4719562,11.22
2026-09-12,Electronics,403237,481610,9360456,23.21
2026-09-12,Beauty,251703,302807,2052314,8.15
2026-09-13,Grocery,680393,1086929,2760894,4.06
2026-09-13,Home,473585,552165,4810879,10.16
2026-09-13,Apparel,429193,510368,4886866,11.39
2026-09-13,Electronics,425056,515156,10528994,24.77
2026-09-13,Beauty,243932,290381,1882528,7.72
2026-09-14,Grocery,589514,936369,2484684,4.21
2026-09-14,Home,419804,483368,4049327,9.65
2026-09-14,Apparel,344294,415917,3871586,11.24
2026-09-14,Electronics,335857,407505,8319998,24.77
2026-09-14,Beauty,214068,248468,1667315,7.79
2026-09-15,Grocery,625761,1048524,2528964,4.04
2026-09-15,Home,403763,486750,4019043,9.95
2026-09-15,Apparel,388326,486091,4306174,11.09
2026-09-15,Electronics,365736,433175,8410790,23.0
2026-09-15,Beauty,218809,266015,1751907,8.01
2026-09-16,Grocery,616388,988292,2463921,4.0
2026-09-16,Home,419356,506346,4239119,10.11
2026-09-16,Apparel,381020,448104,4505977,11.83
2026-09-16,Electronics,362893,440562,8528891,23.5
2026-09-16,Beauty,216069,257901,1676078,7.76
2026-09-17,Grocery,565293,938526,2315135,4.1
2026-09-17,Home,388314,473765,3699008,9.53
2026-09-17,Apparel,371412,435243,4387491,11.81
2026-09-17,Electronics,334591,394250,8306081,24.82
2026-09-17,Beauty,215404,255685,1689486,7.84
2026-09-18,Grocery,594290,920302,2471143,4.16
2026-09-18,Home,398274,484905,4032519,10.12
2026-09-18,Apparel,365719,433330,4188395,11.45
2026-09-18,Electronics,349390,411306,8276819,23.69
2026-09-18,Beauty,198590,239965,1544899,7.78
2026-09-19,Grocery,722225,1186596,2954139,4.09
2026-09-19,Home,489112,591078,4779261,9.77
2026-09-19,Apparel,450702,530189,5255230,11.66
2026-09-19,Electronics,397856,474341,9331811,23.46
2026-09-19,Beauty,251031,300764,1982308,7.9
2026-09-20,Grocery,694789,1098671,2913141,4.19
2026-09-20,Home,459085,549029,4538036,9.88
2026-09-20,Apparel,423149,498546,4732363,11.18
2026-09-20,Electronics,414749,498293,10211053,24.62
2026-09-20,Beauty,256256,315624,1944830,7.59
2026-09-21,Grocery,594599,972481,2474347,4.16
2026-09-21,Home,415296,482008,4264987,10.27
2026-09-21,Apparel,371470,455867,4307338,11.6
2026-09-21,Electronics,350215,409229,8376367,23.92
2026-09-21,Beauty,195149,232065,1489161,7.63
2026-09-22,Grocery,605405,992929,2411869,3.98
2026-09-22,Home,421494,486528,4172437,9.9
2026-09-22,Apparel,378299,451064,4370190,11.55
2026-09-22,Electronics,362857,432562,8747739,24.11
2026-09-22,Beauty,228970,283378,1866246,8.15
2026-09-23,Grocery,615821,1004792,2511138,4.08
2026-09-23,Home,407610,483288,4026912,9.88
2026-09-23,Apparel,367898,436620,4223895,11.48
2026-09-23,Electronics,356941,409538,8384192,23.49
2026-09-23,Beauty,219016,266703,1733630,7.92
2026-09-24,Grocery,608941,982589,2413827,3.96
2026-09-24,Home,403020,496732,4007779,9.94
2026-09-24,Apparel,364385,436647,4135056,11.35
2026-09-24,Electronics,345098,418346,8021697,23.24
2026-09-24,Beauty,206662,246430,1580365,7.65
2026-09-25,Grocery,790251,1263177,3286674,4.16
2026-09-25,Home,515797,627300,4949804,9.6
2026-09-25,Apparel,625603,742049,7203202,11.51
2026-09-25,Electronics,448623,537177,10708436,23.87
2026-09-25,Beauty,270413,320463,2173185,8.04
2026-09-26,Grocery,916564,1436678,3776990,4.12
2026-09-26,Home,665939,779417,6505427,9.77
2026-09-26,Apparel,729558,860805,8438385,11.57
2026-09-26,Electronics,568633,673391,13932029,24.5
2026-09-26,Beauty,345640,423693,2617275,7.57
2026-09-27,Grocery,921619,1460363,3740773,4.06
2026-09-27,Home,622704,738096,6043010,9.7
2026-09-27,Apparel,747666,909895,8602479,11.51
2026-09-27,Electronics,513931,609515,12592230,24.5
2026-09-27,Beauty,321616,383699,2528465,7.86
2026-09-28,Grocery,615825,978941,2446213,3.97
2026-09-28,Home,395651,483050,3768779,9.53
2026-09-28,Apparel,375759,453874,4499512,11.97
2026-09-28,Electronics,377065,457602,8657724,22.96
2026-09-28,Beauty,199803,243128,1540388,7.71
2026-09-29,Grocery,579489,944991,2402510,4.15
2026-09-29,Home,408143,497374,3881166,9.51
2026-09-29,Apparel,368587,430371,4307078,11.69
2026-09-29,Electronics,359923,420870,8610736,23.92
2026-09-29,Beauty,220699,264266,1724486,7.81
2026-09-30,Grocery,657175,1063926,2654022,4.04
2026-09-30,Home,413336,487674,4031293,9.75
2026-09-30,Apparel,378710,456706,4424122,11.68
2026-09-30,Electronics,349179,435291,8117085,23.25
2026-09-30,Beauty,229087,278156,1808803,7.9
2026-10-01,Grocery,630824,955618,2636822,4.18
2026-10-01,Home,428007,520269,4129282,9.65
2026-10-01,Apparel,388687,481500,4515006,11.62
2026-10-01,Electronics,376710,457458,8683961,23.05
2026-10-01,Beauty,219367,259053,1681926,7.67
2026-10-02,Grocery,595912,924264,2434970,4.09
2026-10-02,Home,437025,521396,4203000,9.62
2026-10-02,Apparel,385781,480153,4524943,11.73
2026-10-02,Electronics,374779,449531,9143361,24.4
2026-10-02,Beauty,207471,253626,1651042,7.96
2026-10-03,Grocery,714048,1148955,2910620,4.08
2026-10-03,Home,462297,570784,4481733,9.69
2026-10-03,Apparel,446047,520431,5153544,11.55
2026-10-03,Electronics,427848,517758,10561371,24.68
2026-10-03,Beauty,258022,302260,2058505,7.98
2026-10-04,Grocery,717832,1159566,3054554,4.26
2026-10-04,Home,492817,604133,4823930,9.79
2026-10-04,Apparel,439608,528651,4966260,11.3
2026-10-04,Electronics,435816,508536,10393745,23.85
2026-10-04,Beauty,241300,299872,1879928,7.79
2026-10-05,Grocery,658788,1037237,2709226,4.11
2026-10-05,Home,429579,517861,4232027,9.85
2026-10-05,Apparel,415313,485320,4914402,11.83
2026-10-05,Electronics,372607,448087,8727240,23.42
2026-10-05,Beauty,233013,283019,1788925,7.68
2026-10-06,Grocery,635727,1035531,2626400,4.13
2026-10-06,Home,450279,539020,4359196,9.68
2026-10-06,Apparel,402824,494324,4600327,11.42
2026-10-06,Electronics,387004,470266,9115600,23.55
2026-10-06,Beauty,213183,261565,1588505,7.45
