interval_start,inserts,updates,deletes,events_total,lag_p50_s,lag_p95_s
2026-10-06T00:00:00-05:00,4142,6606,448,11196,1.4,3.6
2026-10-06T00:05:00-05:00,4093,6526,442,11061,1.5,3.4
2026-10-06T00:10:00-05:00,3234,5158,350,8742,1.3,3.7
2026-10-06T00:15:00-05:00,3450,5502,373,9325,1.4,3.4
2026-10-06T00:20:00-05:00,2961,4722,320,8003,1.3,3.3
2026-10-06T00:25:00-05:00,3045,4855,329,8229,1.2,3.4
2026-10-06T00:30:00-05:00,3254,5189,352,8795,1.2,3.3
2026-10-06T00:35:00-05:00,2807,4475,303,7585,1.4,3.2
2026-10-06T00:40:00-05:00,2786,4443,301,7530,1.4,3.6
2026-10-06T00:45:00-05:00,2627,4189,284,7100,1.2,3.7
2026-10-06T00:50:00-05:00,2627,4189,284,7100,1.1,3.2
2026-10-06T00:55:00-05:00,2970,4737,321,8028,1.5,3.2
2026-10-06T01:00:00-05:00,2837,4524,307,7668,1.3,3.5
2026-10-06T01:05:00-05:00,2359,3762,255,6376,1.4,3.5
2026-10-06T01:10:00-05:00,2617,4174,283,7074,1.5,3.4
2026-10-06T01:15:00-05:00,2544,4056,275,6875,1.4,3.3
2026-10-06T01:20:00-05:00,2338,3729,253,6320,1.4,3.5
2026-10-06T01:25:00-05:00,2166,3453,234,5853,1.5,3.1
2026-10-06T01:30:00-05:00,2324,3707,251,6282,1.2,3.4
2026-10-06T01:35:00-05:00,2497,3981,270,6748,1.6,3.3
2026-10-06T01:40:00-05:00,2163,3449,234,5846,1.2,3.3
2026-10-06T01:45:00-05:00,2341,3734,253,6328,1.4,3.3
2026-10-06T01:50:00-05:00,2206,3518,239,5963,1.3,3.1
2026-10-06T01:55:00-05:00,2298,3665,248,6211,1.5,3.2
2026-10-06T02:00:00-05:00,2061,3286,223,5570,1.2,3.1
2026-10-06T02:05:00-05:00,2060,183285,223,185568,2.4,5.1
2026-10-06T02:10:00-05:00,2177,423471,235,425883,3.2,7.9
2026-10-06T02:15:00-05:00,2130,393396,230,395756,3.0,7.4
2026-10-06T02:20:00-05:00,2017,213216,218,215451,2.1,4.8
2026-10-06T02:25:00-05:00,2076,3311,224,5611,1.2,3.2
2026-10-06T02:30:00-05:00,1949,3107,211,5267,1.3,3.5
2026-10-06T02:35:00-05:00,2038,3249,220,5507,1.2,3.3
2026-10-06T02:40:00-05:00,1982,3160,214,5356,1.4,3.4
2026-10-06T02:45:00-05:00,2057,3280,222,5559,1.2,3.1
2026-10-06T02:50:00-05:00,1947,3104,210,5261,1.4,3.5
2026-10-06T02:55:00-05:00,2006,3199,217,5422,1.3,3.6
2026-10-06T03:00:00-05:00,2127,3391,230,5748,1.5,3.2
2026-10-06T03:05:00-05:00,2054,3276,222,5552,1.1,3.7
2026-10-06T03:10:00-05:00,1904,3036,206,5146,1.0,3.4
2026-10-06T03:15:00-05:00,1977,3153,214,5344,1.3,3.2
2026-10-06T03:20:00-05:00,2012,3209,218,5439,1.2,3.3
2026-10-06T03:25:00-05:00,2115,3373,229,5717,1.1,3.1
2026-10-06T03:30:00-05:00,1942,3097,210,5249,1.4,3.1
2026-10-06T03:35:00-05:00,1975,3150,214,5339,1.5,3.1
2026-10-06T03:40:00-05:00,2056,3279,222,5557,1.3,3.1
2026-10-06T03:45:00-05:00,2015,3213,218,5446,1.0,3.6
2026-10-06T03:50:00-05:00,2015,3213,218,5446,1.3,3.7
2026-10-06T03:55:00-05:00,1987,3168,215,5370,1.3,3.2
2026-10-06T04:00:00-05:00,1983,3162,214,5359,1.3,3.1
2026-10-06T04:05:00-05:00,1861,2967,201,5029,1.2,3.8
2026-10-06T04:10:00-05:00,1999,3188,216,5403,1.1,3.6
2026-10-06T04:15:00-05:00,2125,3389,230,5744,1.1,3.3
2026-10-06T04:20:00-05:00,2075,3308,224,5607,1.3,3.3
2026-10-06T04:25:00-05:00,2074,3308,224,5606,1.4,3.2
2026-10-06T04:30:00-05:00,1972,3145,213,5330,1.4,3.4
2026-10-06T04:35:00-05:00,2045,3261,221,5527,1.3,3.4
2026-10-06T04:40:00-05:00,2100,3348,227,5675,1.2,3.1
2026-10-06T04:45:00-05:00,1997,3184,216,5397,1.2,3.1
2026-10-06T04:50:00-05:00,2172,3464,235,5871,1.2,3.1
2026-10-06T04:55:00-05:00,2026,3231,219,5476,1.6,3.1
2026-10-06T05:00:00-05:00,2176,3470,235,5881,1.2,3.4
2026-10-06T05:05:00-05:00,2448,3904,265,6617,1.2,3.2
2026-10-06T05:10:00-05:00,2222,3543,240,6005,1.3,3.3
2026-10-06T05:15:00-05:00,2306,3677,249,6232,1.4,3.3
2026-10-06T05:20:00-05:00,2154,3434,233,5821,1.4,3.5
2026-10-06T05:25:00-05:00,2372,3783,256,6411,1.3,3.5
2026-10-06T05:30:00-05:00,2358,3759,255,6372,1.3,3.1
2026-10-06T05:35:00-05:00,2386,3804,258,6448,1.3,3.4
2026-10-06T05:40:00-05:00,2611,4163,282,7056,1.4,3.6
2026-10-06T05:45:00-05:00,2224,3547,240,6011,1.3,3.2
2026-10-06T05:50:00-05:00,2695,4297,291,7283,1.3,3.4
2026-10-06T05:55:00-05:00,2550,4066,276,6892,1.5,3.2
2026-10-06T06:00:00-05:00,2776,4426,300,7502,1.2,3.3
2026-10-06T06:05:00-05:00,2671,4259,289,7219,1.3,3.6
2026-10-06T06:10:00-05:00,3005,4792,325,8122,1.4,3.3
2026-10-06T06:15:00-05:00,2939,4686,318,7943,1.3,3.4
2026-10-06T06:20:00-05:00,2808,4478,304,7590,1.4,3.6
2026-10-06T06:25:00-05:00,3128,4988,338,8454,1.2,3.8
2026-10-06T06:30:00-05:00,3468,5530,375,9373,1.2,3.5
2026-10-06T06:35:00-05:00,3483,5554,377,9414,1.3,3.6
2026-10-06T06:40:00-05:00,3503,5586,379,9468,1.4,3.4
2026-10-06T06:45:00-05:00,3558,5674,385,9617,1.1,3.3
2026-10-06T06:50:00-05:00,3902,6222,422,10546,1.3,3.7
2026-10-06T06:55:00-05:00,3999,6377,432,10808,1.4,3.5
2026-10-06T07:00:00-05:00,4314,6879,466,11659,1.1,3.4
2026-10-06T07:05:00-05:00,4130,6586,446,11162,1.2,3.9
2026-10-06T07:10:00-05:00,4592,7322,496,12410,1.4,3.9
2026-10-06T07:15:00-05:00,4367,6963,472,11802,1.5,3.4
2026-10-06T07:20:00-05:00,4651,7416,503,12570,1.6,3.5
2026-10-06T07:25:00-05:00,5168,8241,559,13968,1.2,3.4
2026-10-06T07:30:00-05:00,5183,8265,560,14008,1.6,3.7
2026-10-06T07:35:00-05:00,5344,8521,578,14443,1.4,4.2
2026-10-06T07:40:00-05:00,5920,9441,640,16001,1.5,3.7
2026-10-06T07:45:00-05:00,6119,9757,662,16538,1.4,4.1
2026-10-06T07:50:00-05:00,6015,9592,650,16257,1.7,3.9
2026-10-06T07:55:00-05:00,6126,9769,662,16557,1.5,3.7
2026-10-06T08:00:00-05:00,6858,10936,741,18535,1.5,3.6
2026-10-06T08:05:00-05:00,6733,10736,728,18197,1.5,3.6
2026-10-06T08:10:00-05:00,7372,11755,797,19924,1.4,3.6
2026-10-06T08:15:00-05:00,7280,11609,787,19676,1.6,3.6
2026-10-06T08:20:00-05:00,6615,10549,715,17879,1.5,3.8
2026-10-06T08:25:00-05:00,7845,12509,848,21202,1.5,3.8
2026-10-06T08:30:00-05:00,7718,12306,834,20858,1.6,3.9
2026-10-06T08:35:00-05:00,8337,13295,901,22533,1.3,4.0
2026-10-06T08:40:00-05:00,7843,12507,848,21198,1.5,4.0
2026-10-06T08:45:00-05:00,9012,14370,974,24356,1.7,3.8
2026-10-06T08:50:00-05:00,8132,12967,879,21978,1.5,3.8
2026-10-06T08:55:00-05:00,7548,12037,816,20401,1.5,3.9
2026-10-06T09:00:00-05:00,8623,13750,932,23305,1.7,4.1
2026-10-06T09:05:00-05:00,8792,14020,951,23763,1.7,4.0
2026-10-06T09:10:00-05:00,8429,13441,911,22781,1.5,3.8
2026-10-06T09:15:00-05:00,8766,13978,948,23692,1.8,4.0
2026-10-06T09:20:00-05:00,9041,14417,977,24435,1.7,4.4
2026-10-06T09:25:00-05:00,8963,14292,969,24224,1.5,4.0
2026-10-06T09:30:00-05:00,9402,14992,1016,25410,1.7,3.8
2026-10-06T09:35:00-05:00,9323,14867,1008,25198,1.5,4.0
2026-10-06T09:40:00-05:00,9017,14378,975,24370,1.4,4.0
2026-10-06T09:45:00-05:00,9658,15401,1044,26103,1.6,3.9
2026-10-06T09:50:00-05:00,9340,14894,1010,25244,1.6,3.9
2026-10-06T09:55:00-05:00,10879,17347,1176,29402,1.4,4.1
2026-10-06T10:00:00-05:00,10165,16209,1099,27473,1.7,4.1
2026-10-06T10:05:00-05:00,9514,15170,1028,25712,1.6,4.0
2026-10-06T10:10:00-05:00,9156,14601,990,24747,1.4,4.1
2026-10-06T10:15:00-05:00,9966,15892,1077,26935,1.5,4.5
2026-10-06T10:20:00-05:00,10010,15961,1082,27053,1.6,4.1
2026-10-06T10:25:00-05:00,9422,15025,1019,25466,1.4,3.9
2026-10-06T10:30:00-05:00,9446,15063,1021,25530,1.4,4.0
2026-10-06T10:35:00-05:00,9582,15279,1036,25897,1.6,3.9
2026-10-06T10:40:00-05:00,9466,15094,1023,25583,1.6,4.1
2026-10-06T10:45:00-05:00,10809,17235,1169,29213,1.7,4.5
2026-10-06T10:50:00-05:00,9455,15077,1022,25554,1.5,4.2
2026-10-06T10:55:00-05:00,9684,15442,1047,26173,1.6,4.1
2026-10-06T11:00:00-05:00,9467,15096,1023,25586,1.4,4.0
2026-10-06T11:05:00-05:00,10077,16069,1089,27235,1.4,3.9
2026-10-06T11:10:00-05:00,10468,16692,1132,28292,1.8,3.9
2026-10-06T11:15:00-05:00,9166,14616,991,24773,1.6,3.9
2026-10-06T11:20:00-05:00,9893,15775,1070,26738,1.4,4.1
2026-10-06T11:25:00-05:00,10326,16466,1116,27908,1.5,4.3
2026-10-06T11:30:00-05:00,10164,16207,1099,27470,1.7,4.0
2026-10-06T11:35:00-05:00,10512,16762,1136,28410,1.8,4.6
2026-10-06T11:40:00-05:00,9266,14776,1002,25044,1.6,4.4
2026-10-06T11:45:00-05:00,9328,14874,1008,25210,1.5,3.9
2026-10-06T11:50:00-05:00,9184,14645,993,24822,1.5,3.8
2026-10-06T11:55:00-05:00,9571,15261,1035,25867,1.6,4.3
2026-10-06T12:00:00-05:00,9811,15644,1061,26516,1.7,4.1
2026-10-06T12:05:00-05:00,9828,15672,1063,26563,1.5,3.9
2026-10-06T12:10:00-05:00,10484,16717,1133,28334,1.6,4.0
2026-10-06T12:15:00-05:00,9518,15177,1029,25724,1.4,4.2
2026-10-06T12:20:00-05:00,9449,15068,1022,25539,1.6,3.9
2026-10-06T12:25:00-05:00,10483,16715,1133,28331,1.7,3.9
2026-10-06T12:30:00-05:00,9507,15160,1028,25695,1.6,4.0
2026-10-06T12:35:00-05:00,10215,16289,1104,27608,1.5,3.9
2026-10-06T12:40:00-05:00,9232,14722,998,24952,1.5,3.9
2026-10-06T12:45:00-05:00,10043,16015,1086,27144,1.6,4.0
2026-10-06T12:50:00-05:00,9855,15715,1065,26635,1.7,4.0
2026-10-06T12:55:00-05:00,9233,14724,998,24955,1.6,4.3
2026-10-06T13:00:00-05:00,8554,13640,925,23119,1.5,4.0
2026-10-06T13:05:00-05:00,9631,15357,1041,26029,1.6,4.0
2026-10-06T13:10:00-05:00,9005,14359,973,24337,1.6,3.9
2026-10-06T13:15:00-05:00,9447,15064,1021,25532,1.6,4.5
2026-10-06T13:20:00-05:00,8947,14267,967,24181,1.3,3.9
2026-10-06T13:25:00-05:00,9478,15113,1025,25616,1.5,4.3
2026-10-06T13:30:00-05:00,9528,15193,1030,25751,1.5,3.9
2026-10-06T13:35:00-05:00,9170,14622,991,24783,1.5,4.1
2026-10-06T13:40:00-05:00,8818,14061,953,23832,1.6,3.8
2026-10-06T13:45:00-05:00,9614,15331,1039,25984,1.4,4.6
2026-10-06T13:50:00-05:00,9048,14428,978,24454,1.7,4.2
2026-10-06T13:55:00-05:00,9363,14931,1012,25306,1.6,4.1
2026-10-06T14:00:00-05:00,9231,14720,998,24949,1.5,4.1
2026-10-06T14:05:00-05:00,9331,14879,1009,25219,1.7,4.0
2026-10-06T14:10:00-05:00,9744,15538,1053,26335,1.8,3.8
2026-10-06T14:15:00-05:00,9087,14490,982,24559,1.5,4.0
2026-10-06T14:20:00-05:00,8432,13446,912,22790,1.4,3.7
2026-10-06T14:25:00-05:00,8930,14240,965,24135,1.6,3.8
2026-10-06T14:30:00-05:00,8296,13228,897,22421,1.5,3.8
2026-10-06T14:35:00-05:00,7901,12599,854,21354,1.5,3.9
2026-10-06T14:40:00-05:00,7286,11619,788,19693,1.6,3.6
2026-10-06T14:45:00-05:00,7840,12502,848,21190,1.4,3.9
2026-10-06T14:50:00-05:00,8290,13220,896,22406,1.7,4.4
2026-10-06T14:55:00-05:00,8450,13475,914,22839,1.5,3.9
2026-10-06T15:00:00-05:00,8380,13362,906,22648,1.7,4.0
2026-10-06T15:05:00-05:00,7571,12072,818,20461,1.9,4.2
2026-10-06T15:10:00-05:00,7879,12564,852,21295,1.5,3.9
2026-10-06T15:15:00-05:00,7334,11695,793,19822,1.6,4.0
2026-10-06T15:20:00-05:00,7875,12558,851,21284,1.3,4.0
2026-10-06T15:25:00-05:00,7286,11618,788,19692,1.4,3.8
2026-10-06T15:30:00-05:00,7531,12008,814,20353,1.5,3.8
2026-10-06T15:35:00-05:00,7540,12023,815,20378,1.7,3.8
2026-10-06T15:40:00-05:00,7181,11451,776,19408,1.5,3.8
2026-10-06T15:45:00-05:00,7805,12445,844,21094,1.5,4.0
2026-10-06T15:50:00-05:00,6991,11147,756,18894,1.4,4.0
2026-10-06T15:55:00-05:00,7473,11916,808,20197,1.6,3.8
2026-10-06T16:00:00-05:00,6883,10976,744,18603,1.3,3.6
2026-10-06T16:05:00-05:00,6699,10682,724,18105,1.1,3.8
2026-10-06T16:10:00-05:00,6421,10238,694,17353,1.5,3.8
2026-10-06T16:15:00-05:00,6561,10462,709,17732,1.3,3.7
2026-10-06T16:20:00-05:00,7054,11249,763,19066,1.4,3.9
2026-10-06T16:25:00-05:00,6829,10890,738,18457,1.3,4.0
2026-10-06T16:30:00-05:00,6705,10692,725,18122,1.3,3.7
2026-10-06T16:35:00-05:00,6950,11083,751,18784,1.6,3.7
2026-10-06T16:40:00-05:00,7471,11914,808,20193,1.4,3.9
2026-10-06T16:45:00-05:00,6837,10903,739,18479,1.5,3.7
2026-10-06T16:50:00-05:00,7282,11612,787,19681,1.5,3.9
2026-10-06T16:55:00-05:00,7457,11890,806,20153,1.8,3.7
2026-10-06T17:00:00-05:00,8545,13626,924,23095,1.6,3.7
2026-10-06T17:05:00-05:00,7592,12106,821,20519,1.7,4.5
2026-10-06T17:10:00-05:00,7859,12533,850,21242,1.8,3.8
2026-10-06T17:15:00-05:00,7351,11722,795,19868,1.5,3.8
2026-10-06T17:20:00-05:00,8209,13091,887,22187,1.5,3.7
2026-10-06T17:25:00-05:00,7710,12295,834,20839,1.6,3.7
2026-10-06T17:30:00-05:00,7767,12385,840,20992,1.5,3.8
2026-10-06T17:35:00-05:00,8258,13168,893,22319,1.6,3.9
2026-10-06T17:40:00-05:00,8401,13396,908,22705,1.7,4.5
2026-10-06T17:45:00-05:00,8079,12883,873,21835,1.5,4.5
2026-10-06T17:50:00-05:00,8695,13865,940,23500,1.6,3.9
2026-10-06T17:55:00-05:00,8467,13501,915,22883,1.6,3.8
2026-10-06T18:00:00-05:00,9320,14862,1008,25190,1.6,3.9
2026-10-06T18:05:00-05:00,8752,13956,946,23654,1.7,4.5
2026-10-06T18:10:00-05:00,8504,13560,919,22983,1.5,4.0
2026-10-06T18:15:00-05:00,9635,15364,1042,26041,1.6,4.1
2026-10-06T18:20:00-05:00,10231,16314,1106,27651,1.6,4.2
2026-10-06T18:25:00-05:00,10343,16493,1118,27954,1.6,4.1
2026-10-06T18:30:00-05:00,10467,16691,1132,28290,1.8,4.1
2026-10-06T18:35:00-05:00,11100,17699,1200,29999,1.7,4.1
2026-10-06T18:40:00-05:00,10894,17372,1178,29444,1.7,4.3
2026-10-06T18:45:00-05:00,10785,17198,1166,29149,1.6,4.2
2026-10-06T18:50:00-05:00,10437,16643,1128,28208,1.7,4.4
2026-10-06T18:55:00-05:00,10235,16321,1107,27663,1.6,4.3
2026-10-06T19:00:00-05:00,10979,17506,1187,29672,1.6,4.1
2026-10-06T19:05:00-05:00,11693,18645,1264,31602,1.7,4.2
2026-10-06T19:10:00-05:00,10883,17353,1176,29412,1.8,4.1
2026-10-06T19:15:00-05:00,10283,16398,1112,27793,1.9,4.4
2026-10-06T19:20:00-05:00,11333,18071,1225,30629,1.6,4.1
2026-10-06T19:25:00-05:00,10287,16404,1112,27803,1.8,4.4
2026-10-06T19:30:00-05:00,11957,19066,1293,32316,1.6,4.4
2026-10-06T19:35:00-05:00,11736,18715,1269,31720,1.6,4.1
2026-10-06T19:40:00-05:00,12631,20141,1365,34137,1.6,4.2
2026-10-06T19:45:00-05:00,11190,17843,1210,30243,1.7,4.2
2026-10-06T19:50:00-05:00,11594,18488,1253,31335,1.7,4.1
2026-10-06T19:55:00-05:00,11339,18081,1226,30646,1.5,4.5
2026-10-06T20:00:00-05:00,11760,18753,1271,31784,1.5,4.0
2026-10-06T20:05:00-05:00,12505,19941,1352,33798,1.8,4.7
2026-10-06T20:10:00-05:00,11589,18480,1253,31322,1.9,4.2
2026-10-06T20:15:00-05:00,11992,19123,1296,32411,1.7,4.2
2026-10-06T20:20:00-05:00,11522,18373,1246,31141,1.8,4.3
2026-10-06T20:25:00-05:00,11557,18428,1249,31234,1.8,4.1
2026-10-06T20:30:00-05:00,11902,18978,1287,32167,1.7,4.3
2026-10-06T20:35:00-05:00,10474,16701,1132,28307,1.6,4.1
2026-10-06T20:40:00-05:00,11708,18669,1266,31643,1.7,4.1
2026-10-06T20:45:00-05:00,11371,18132,1229,30732,1.6,4.3
2026-10-06T20:50:00-05:00,11411,18195,1234,30840,1.7,4.3
2026-10-06T20:55:00-05:00,10242,16332,1107,27681,1.6,4.0
2026-10-06T21:00:00-05:00,11371,18133,1229,30733,1.8,4.1
2026-10-06T21:05:00-05:00,9520,15180,1029,25729,1.7,4.1
2026-10-06T21:10:00-05:00,10896,17375,1178,29449,1.7,4.5
2026-10-06T21:15:00-05:00,9238,14731,999,24968,1.5,3.9
2026-10-06T21:20:00-05:00,10751,17143,1162,29056,1.6,4.4
2026-10-06T21:25:00-05:00,10156,16195,1098,27449,1.8,4.3
2026-10-06T21:30:00-05:00,9571,15262,1035,25868,1.3,4.0
2026-10-06T21:35:00-05:00,9416,15015,1018,25449,1.6,3.8
2026-10-06T21:40:00-05:00,8763,13974,947,23684,1.7,3.9
2026-10-06T21:45:00-05:00,8979,14318,971,24268,1.6,3.8
2026-10-06T21:50:00-05:00,8034,12812,869,21715,1.6,3.9
2026-10-06T21:55:00-05:00,8639,13775,934,23348,1.4,3.9
2026-10-06T22:00:00-05:00,7854,12524,849,21227,1.5,3.9
2026-10-06T22:05:00-05:00,8431,13445,911,22787,1.4,4.1
2026-10-06T22:10:00-05:00,7948,12673,859,21480,1.7,3.8
2026-10-06T22:15:00-05:00,7867,12544,850,21261,1.5,3.7
2026-10-06T22:20:00-05:00,8102,12920,876,21898,1.7,4.1
2026-10-06T22:25:00-05:00,7046,11236,762,19044,1.4,3.6
2026-10-06T22:30:00-05:00,6788,10824,734,18346,1.4,3.6
2026-10-06T22:35:00-05:00,6548,10441,708,17697,1.4,3.8
2026-10-06T22:40:00-05:00,6401,10207,692,17300,1.4,3.7
2026-10-06T22:45:00-05:00,6342,10114,686,17142,1.3,3.7
2026-10-06T22:50:00-05:00,6392,10193,691,17276,1.4,3.7
2026-10-06T22:55:00-05:00,5883,9381,636,15900,1.3,3.9
2026-10-06T23:00:00-05:00,5262,8391,569,14222,1.4,3.4
2026-10-06T23:05:00-05:00,5679,9056,614,15349,1.4,3.5
2026-10-06T23:10:00-05:00,5103,8137,552,13792,1.5,3.6
2026-10-06T23:15:00-05:00,4802,7658,519,12979,1.5,3.6
2026-10-06T23:20:00-05:00,5308,8464,574,14346,1.5,3.7
2026-10-06T23:25:00-05:00,4872,7770,527,13169,1.6,3.5
2026-10-06T23:30:00-05:00,4351,6938,470,11759,1.2,3.6
2026-10-06T23:35:00-05:00,4533,7228,490,12251,1.3,3.9
2026-10-06T23:40:00-05:00,4304,6863,465,11632,1.3,3.9
2026-10-06T23:45:00-05:00,4313,6877,466,11656,1.4,3.4
2026-10-06T23:50:00-05:00,3994,6368,432,10794,1.3,3.4
2026-10-06T23:55:00-05:00,3739,5962,404,10105,1.6,3.3
