applied_at,environment,pull_request,added,changed,destroyed,duration_s,result
2026-09-07T13:53:00-05:00,staging,#275,2,3,0,181,applied
2026-09-07T16:50:00-05:00,dev,#276,0,2,0,147,applied
2026-09-08T13:07:00-05:00,staging,#277,1,0,0,107,applied
2026-09-08T13:49:00-05:00,prod,#278,2,1,0,202,applied
2026-09-09T16:32:00-05:00,prod,#279,0,4,0,246,applied
2026-09-10T09:12:00-05:00,prod,#280,3,3,0,280,applied
2026-09-10T14:16:00-05:00,staging,#281,2,3,0,205,applied
2026-09-11T17:22:00-05:00,dev,#282,0,5,0,191,applied
2026-09-11T17:47:00-05:00,staging,#283,2,0,0,122,applied
2026-09-14T16:06:00-05:00,dev,#284,18,2,0,640,applied
2026-09-15T16:16:00-05:00,prod,#285,2,5,0,303,applied
2026-09-16T14:33:00-05:00,dev,#286,3,5,0,277,applied
2026-09-16T13:57:00-05:00,dev,#287,1,3,0,177,applied
2026-09-17T12:26:00-05:00,staging,#288,3,3,0,193,applied
2026-09-17T14:30:00-05:00,prod,#289,1,0,0,124,applied
2026-09-18T16:03:00-05:00,dev,#290,0,1,0,90,applied
2026-09-18T16:42:00-05:00,staging,#291,4,2,0,195,applied
2026-09-21T09:01:00-05:00,dev,#292,1,4,0,181,applied
2026-09-22T13:02:00-05:00,dev,#293,3,1,1,189,applied
2026-09-22T11:58:00-05:00,dev,#294,3,4,0,250,applied
2026-09-23T10:06:00-05:00,dev,#295,2,5,0,256,applied
2026-09-23T14:46:00-05:00,staging,#296,6,0,0,412,failed
2026-09-24T17:06:00-05:00,staging,#297,4,1,0,182,applied
2026-09-25T11:36:00-05:00,prod,#298,4,4,1,317,applied
2026-09-25T17:54:00-05:00,staging,#299,2,2,0,195,applied
2026-09-28T17:45:00-05:00,staging,#300,2,3,0,214,applied
2026-09-28T09:12:00-05:00,dev,#301,2,4,0,216,applied
2026-09-29T10:15:00-05:00,staging,#302,0,4,0,155,applied
2026-09-30T13:36:00-05:00,staging,#303,1,2,0,152,applied
2026-10-01T11:46:00-05:00,prod,#304,2,2,0,213,applied
2026-10-02T16:01:00-05:00,dev,#305,0,1,0,87,applied
2026-10-05T10:36:00-05:00,dev,#306,2,1,1,129,applied
2026-10-05T13:53:00-05:00,staging,#307,3,5,0,282,applied
2026-10-06T12:29:00-05:00,staging,#308,2,0,1,141,applied
