run_date,task_id,state,try_number,started_at,duration_s
2026-09-23,extract [billing],success,1,2026-09-23T02:00:04-05:00,227
2026-09-23,extract [product_events],success,1,2026-09-23T02:00:04-05:00,507
2026-09-23,extract [crm],success,1,2026-09-23T02:00:04-05:00,170
2026-09-23,load_raw,success,1,2026-09-23T02:08:10-05:00,300
2026-09-23,dbt_source_freshness,success,1,2026-09-23T02:13:09-05:00,39
2026-09-23,dbt_build_staging,success,1,2026-09-23T02:13:49-05:00,390
2026-09-23,dbt_build_marts,success,1,2026-09-23T02:20:19-05:00,1340
2026-09-23,publish_exposures,success,1,2026-09-23T02:42:39-05:00,104
2026-09-23,notify_finance,success,1,2026-09-23T02:44:23-05:00,4
2026-09-24,extract [billing],success,1,2026-09-24T02:00:04-05:00,192
2026-09-24,extract [product_events],success,1,2026-09-24T02:00:04-05:00,492
2026-09-24,extract [crm],success,1,2026-09-24T02:00:04-05:00,172
2026-09-24,load_raw,success,1,2026-09-24T02:08:39-05:00,318
2026-09-24,dbt_source_freshness,success,1,2026-09-24T02:13:57-05:00,39
2026-09-24,dbt_build_staging,success,1,2026-09-24T02:14:36-05:00,427
2026-09-24,dbt_build_marts,success,1,2026-09-24T02:21:43-05:00,1410
2026-09-24,publish_exposures,success,1,2026-09-24T02:45:13-05:00,100
2026-09-24,notify_finance,success,1,2026-09-24T02:46:54-05:00,4
2026-09-25,extract [billing],success,1,2026-09-25T02:00:04-05:00,211
2026-09-25,extract [product_events],success,1,2026-09-25T02:00:04-05:00,498
2026-09-25,extract [crm],success,2,2026-09-25T02:00:04-05:00,452
2026-09-25,load_raw,success,1,2026-09-25T02:08:49-05:00,302
2026-09-25,dbt_source_freshness,success,1,2026-09-25T02:13:51-05:00,40
2026-09-25,dbt_build_staging,success,1,2026-09-25T02:14:31-05:00,416
2026-09-25,dbt_build_marts,success,1,2026-09-25T02:21:27-05:00,1325
2026-09-25,publish_exposures,success,1,2026-09-25T02:43:32-05:00,109
2026-09-25,notify_finance,success,1,2026-09-25T02:45:21-05:00,4
2026-09-26,extract [billing],success,1,2026-09-26T02:00:04-05:00,196
2026-09-26,extract [product_events],success,1,2026-09-26T02:00:04-05:00,458
2026-09-26,extract [crm],success,1,2026-09-26T02:00:04-05:00,168
2026-09-26,load_raw,success,1,2026-09-26T02:08:00-05:00,327
2026-09-26,dbt_source_freshness,success,1,2026-09-26T02:13:27-05:00,35
2026-09-26,dbt_build_staging,success,1,2026-09-26T02:14:02-05:00,387
2026-09-26,dbt_build_marts,success,1,2026-09-26T02:20:30-05:00,1483
2026-09-26,publish_exposures,success,1,2026-09-26T02:45:13-05:00,90
2026-09-26,notify_finance,success,1,2026-09-26T02:46:43-05:00,4
2026-09-27,extract [billing],success,1,2026-09-27T02:00:04-05:00,212
2026-09-27,extract [product_events],success,1,2026-09-27T02:00:04-05:00,512
2026-09-27,extract [crm],success,1,2026-09-27T02:00:04-05:00,173
2026-09-27,load_raw,success,1,2026-09-27T02:08:08-05:00,319
2026-09-27,dbt_source_freshness,success,1,2026-09-27T02:13:27-05:00,44
2026-09-27,dbt_build_staging,success,1,2026-09-27T02:14:11-05:00,328
2026-09-27,dbt_build_marts,success,1,2026-09-27T02:19:39-05:00,1124
2026-09-27,publish_exposures,success,1,2026-09-27T02:38:23-05:00,88
2026-09-27,notify_finance,success,1,2026-09-27T02:39:51-05:00,4
2026-09-28,extract [billing],success,1,2026-09-28T02:00:04-05:00,210
2026-09-28,extract [product_events],success,1,2026-09-28T02:00:04-05:00,488
2026-09-28,extract [crm],success,1,2026-09-28T02:00:04-05:00,171
2026-09-28,load_raw,success,1,2026-09-28T02:08:08-05:00,258
2026-09-28,dbt_source_freshness,success,1,2026-09-28T02:12:27-05:00,40
2026-09-28,dbt_build_staging,success,1,2026-09-28T02:13:07-05:00,361
2026-09-28,dbt_build_marts,success,1,2026-09-28T02:19:08-05:00,958
2026-09-28,publish_exposures,success,1,2026-09-28T02:35:07-05:00,91
2026-09-28,notify_finance,success,1,2026-09-28T02:36:38-05:00,3
2026-09-29,extract [billing],success,1,2026-09-29T02:00:04-05:00,192
2026-09-29,extract [product_events],success,1,2026-09-29T02:00:04-05:00,470
2026-09-29,extract [crm],success,1,2026-09-29T02:00:04-05:00,158
2026-09-29,load_raw,success,1,2026-09-29T02:09:09-05:00,281
2026-09-29,dbt_source_freshness,success,1,2026-09-29T02:13:50-05:00,42
2026-09-29,dbt_build_staging,success,1,2026-09-29T02:14:32-05:00,350
2026-09-29,dbt_build_marts,failed,1,2026-09-29T02:20:22-05:00,724
2026-09-29,publish_exposures,upstream_failed,1,,0
2026-09-29,notify_finance,upstream_failed,1,,0
2026-09-30,extract [billing],success,1,2026-09-30T02:00:04-05:00,201
2026-09-30,extract [product_events],success,1,2026-09-30T02:00:04-05:00,499
2026-09-30,extract [crm],success,1,2026-09-30T02:00:04-05:00,136
2026-09-30,load_raw,success,1,2026-09-30T02:08:48-05:00,322
2026-09-30,dbt_source_freshness,success,1,2026-09-30T02:14:10-05:00,44
2026-09-30,dbt_build_staging,success,1,2026-09-30T02:14:54-05:00,339
2026-09-30,dbt_build_marts,success,1,2026-09-30T02:20:33-05:00,1064
2026-09-30,publish_exposures,success,1,2026-09-30T02:38:17-05:00,77
2026-09-30,notify_finance,success,1,2026-09-30T02:39:34-05:00,3
2026-10-01,extract [billing],success,1,2026-10-01T02:00:04-05:00,215
2026-10-01,extract [product_events],success,1,2026-10-01T02:00:04-05:00,470
2026-10-01,extract [crm],success,1,2026-10-01T02:00:04-05:00,173
2026-10-01,load_raw,success,1,2026-10-01T02:08:29-05:00,321
2026-10-01,dbt_source_freshness,success,1,2026-10-01T02:13:49-05:00,36
2026-10-01,dbt_build_staging,success,1,2026-10-01T02:14:25-05:00,373
2026-10-01,dbt_build_marts,success,1,2026-10-01T02:20:38-05:00,1086
2026-10-01,publish_exposures,success,1,2026-10-01T02:38:45-05:00,88
2026-10-01,notify_finance,success,1,2026-10-01T02:40:13-05:00,4
2026-10-02,extract [billing],success,1,2026-10-02T02:00:04-05:00,212
2026-10-02,extract [product_events],success,2,2026-10-02T02:00:04-05:00,744
2026-10-02,extract [crm],success,1,2026-10-02T02:00:04-05:00,158
2026-10-02,load_raw,success,1,2026-10-02T02:12:23-05:00,267
2026-10-02,dbt_source_freshness,success,1,2026-10-02T02:16:50-05:00,40
2026-10-02,dbt_build_staging,success,1,2026-10-02T02:17:29-05:00,321
2026-10-02,dbt_build_marts,success,1,2026-10-02T02:22:50-05:00,1199
2026-10-02,publish_exposures,success,1,2026-10-02T02:42:50-05:00,66
2026-10-02,notify_finance,success,1,2026-10-02T02:43:56-05:00,4
2026-10-03,extract [billing],success,1,2026-10-03T02:00:04-05:00,226
2026-10-03,extract [product_events],success,1,2026-10-03T02:00:04-05:00,467
2026-10-03,extract [crm],success,1,2026-10-03T02:00:04-05:00,153
2026-10-03,load_raw,success,1,2026-10-03T02:08:17-05:00,339
2026-10-03,dbt_source_freshness,success,1,2026-10-03T02:13:57-05:00,43
2026-10-03,dbt_build_staging,success,1,2026-10-03T02:14:40-05:00,324
2026-10-03,dbt_build_marts,success,1,2026-10-03T02:20:04-05:00,1081
2026-10-03,publish_exposures,success,1,2026-10-03T02:38:05-05:00,78
2026-10-03,notify_finance,success,1,2026-10-03T02:39:23-05:00,3
2026-10-04,extract [billing],success,1,2026-10-04T02:00:04-05:00,235
2026-10-04,extract [product_events],success,1,2026-10-04T02:00:04-05:00,453
2026-10-04,extract [crm],success,1,2026-10-04T02:00:04-05:00,176
2026-10-04,load_raw,success,1,2026-10-04T02:08:11-05:00,305
2026-10-04,dbt_source_freshness,success,1,2026-10-04T02:13:16-05:00,35
2026-10-04,dbt_build_staging,success,1,2026-10-04T02:13:51-05:00,336
2026-10-04,dbt_build_marts,success,1,2026-10-04T02:19:27-05:00,1108
2026-10-04,publish_exposures,success,1,2026-10-04T02:37:55-05:00,80
2026-10-04,notify_finance,success,1,2026-10-04T02:39:15-05:00,3
2026-10-05,extract [billing],success,1,2026-10-05T02:00:04-05:00,220
2026-10-05,extract [product_events],success,1,2026-10-05T02:00:04-05:00,509
2026-10-05,extract [crm],success,1,2026-10-05T02:00:04-05:00,156
2026-10-05,load_raw,success,1,2026-10-05T02:07:54-05:00,340
2026-10-05,dbt_source_freshness,success,1,2026-10-05T02:13:34-05:00,44
2026-10-05,dbt_build_staging,success,1,2026-10-05T02:14:17-05:00,343
2026-10-05,dbt_build_marts,success,1,2026-10-05T02:20:00-05:00,1061
2026-10-05,publish_exposures,success,1,2026-10-05T02:37:42-05:00,82
2026-10-05,notify_finance,success,1,2026-10-05T02:39:04-05:00,3
2026-10-06,extract [billing],success,1,2026-10-06T02:00:04-05:00,209
2026-10-06,extract [product_events],success,1,2026-10-06T02:00:04-05:00,486
2026-10-06,extract [crm],success,1,2026-10-06T02:00:04-05:00,162
2026-10-06,load_raw,success,1,2026-10-06T02:07:53-05:00,359
2026-10-06,dbt_source_freshness,success,1,2026-10-06T02:13:52-05:00,38
2026-10-06,dbt_build_staging,success,1,2026-10-06T02:14:30-05:00,342
2026-10-06,dbt_build_marts,success,1,2026-10-06T02:20:12-05:00,1137
2026-10-06,publish_exposures,success,1,2026-10-06T02:39:09-05:00,93
2026-10-06,notify_finance,success,1,2026-10-06T02:40:41-05:00,4
