date,docs_added,docs_updated,docs_deleted,chunks_upserted,embedding_tokens,embedding_cost_usd,retrieval_p50_ms,retrieval_p95_ms,recall_at_5
2026-09-07,157,523,36,14962,6581416,0.86,93,164,0.889
2026-09-08,191,537,38,16764,7567131,0.98,97,176,0.887
2026-09-09,216,413,36,15556,6947044,0.9,97,174,0.887
2026-09-10,182,307,35,10650,4279912,0.56,94,173,0.881
2026-09-11,185,431,41,15947,6894202,0.9,88,194,0.884
2026-09-12,60,146,16,4962,2066700,0.27,97,179,0.894
2026-09-13,85,158,8,5612,2411482,0.31,94,151,0.889
2026-09-14,152,440,37,13412,5668975,0.74,102,165,0.888
2026-09-15,256,2140,31,53841,23564012,3.06,89,163,0.895
2026-09-16,102,463,42,12549,5324040,0.69,96,172,0.897
2026-09-17,231,338,40,13434,5759750,0.75,88,169,0.894
2026-09-18,192,777,56,22522,9836098,1.28,94,181,0.9
2026-09-19,86,140,9,4958,2214950,0.29,90,178,0.902
2026-09-20,115,145,10,5865,2619037,0.34,95,178,0.911
2026-09-21,124,459,42,12946,5517633,0.72,96,186,0.905
2026-09-22,221,445,26,16151,6946370,0.9,121,238,0.907
2026-09-23,199,386,31,13629,5836870,0.76,95,177,0.898
2026-09-24,207,506,38,18281,7876024,1.02,95,171,0.905
2026-09-25,165,396,47,12164,5231841,0.68,97,160,0.912
2026-09-26,87,130,15,5416,2485909,0.32,90,153,0.895
2026-09-27,65,145,14,4752,2156377,0.28,93,185,0.908
2026-09-28,243,352,33,13013,5588856,0.73,100,167,0.904
2026-09-29,159,405,50,12735,5403621,0.7,94,171,0.911
2026-09-30,210,456,38,15699,6639944,0.86,90,170,0.906
2026-10-01,640,297,40,20396,9067554,1.18,87,175,0.912
2026-10-02,243,457,40,18169,7591068,0.99,100,184,0.911
2026-10-03,110,162,8,5980,2589132,0.34,100,162,0.921
2026-10-04,98,147,18,5166,2198063,0.29,89,159,0.918
2026-10-05,168,402,48,13603,5846395,0.76,100,162,0.914
2026-10-06,166,358,35,12221,5038925,0.66,94,171,0.917
