interval_start,trips_requested,trips_completed,completion_rate,avg_fare_usd,avg_eta_min,events,late_events,freshness_p50_s,freshness_p95_s,trips_same_day_last_week
2026-10-06T00:00:00-05:00,740,705,0.9527,19.28,3.7,34087,163,6.3,9.7,670
2026-10-06T00:05:00-05:00,777,733,0.9434,19.59,4.5,35790,168,6.4,9.9,762
2026-10-06T00:10:00-05:00,730,683,0.9356,19.66,4.5,33814,133,5.9,9.9,671
2026-10-06T00:15:00-05:00,712,665,0.934,19.86,4.4,31916,137,6.1,10.2,671
2026-10-06T00:20:00-05:00,759,715,0.942,19.66,4.1,34650,132,6.4,9.6,637
2026-10-06T00:25:00-05:00,691,642,0.9291,19.6,3.9,32553,137,5.8,9.7,593
2026-10-06T00:30:00-05:00,707,674,0.9533,19.36,4.2,31947,113,5.8,9.8,614
2026-10-06T00:35:00-05:00,682,644,0.9443,19.04,4.3,30537,121,6.1,10.4,609
2026-10-06T00:40:00-05:00,655,612,0.9344,19.42,4.0,29820,140,6.5,10.4,589
2026-10-06T00:45:00-05:00,629,601,0.9555,20.2,4.3,28937,120,6.3,9.5,585
2026-10-06T00:50:00-05:00,590,551,0.9339,19.65,4.2,26443,107,6.4,10.0,511
2026-10-06T00:55:00-05:00,573,539,0.9407,20.01,4.3,26075,112,6.2,9.7,592
2026-10-06T01:00:00-05:00,606,569,0.9389,19.73,3.9,26733,101,5.9,9.7,535
2026-10-06T01:05:00-05:00,592,556,0.9392,19.87,4.1,26523,114,6.2,9.5,526
2026-10-06T01:10:00-05:00,627,592,0.9442,18.96,4.0,28166,106,5.6,9.5,511
2026-10-06T01:15:00-05:00,582,554,0.9519,19.4,3.9,27189,93,6.0,9.4,465
2026-10-06T01:20:00-05:00,545,515,0.945,19.69,3.9,23711,94,5.9,9.4,467
2026-10-06T01:25:00-05:00,488,461,0.9447,19.37,4.2,24136,107,6.2,9.5,416
2026-10-06T01:30:00-05:00,474,445,0.9388,18.39,4.0,22380,74,6.3,9.6,395
2026-10-06T01:35:00-05:00,447,418,0.9351,18.49,3.8,22348,94,5.9,9.6,404
2026-10-06T01:40:00-05:00,446,419,0.9395,18.5,4.4,21208,91,6.0,9.4,393
2026-10-06T01:45:00-05:00,413,393,0.9516,18.73,4.1,20688,100,6.2,9.8,397
2026-10-06T01:50:00-05:00,428,408,0.9533,18.54,4.3,20842,92,5.9,9.4,345
2026-10-06T01:55:00-05:00,392,375,0.9566,18.24,4.1,18458,86,6.4,9.4,360
2026-10-06T02:00:00-05:00,404,385,0.953,18.8,3.9,18956,62,5.8,9.6,337
2026-10-06T02:05:00-05:00,323,306,0.9474,18.27,4.0,15918,65,5.8,9.3,288
2026-10-06T02:10:00-05:00,344,326,0.9477,18.27,4.6,18095,86,5.6,9.5,301
2026-10-06T02:15:00-05:00,333,315,0.9459,19.08,4.0,15875,59,6.2,9.3,268
2026-10-06T02:20:00-05:00,285,267,0.9368,18.39,4.4,14537,57,6.0,9.4,280
2026-10-06T02:25:00-05:00,283,271,0.9576,18.6,4.1,14736,68,6.0,9.8,253
2026-10-06T02:30:00-05:00,298,285,0.9564,17.61,4.3,14569,50,6.1,9.4,265
2026-10-06T02:35:00-05:00,291,272,0.9347,17.72,4.1,14078,52,6.0,9.2,230
2026-10-06T02:40:00-05:00,274,259,0.9453,17.26,3.9,13726,57,5.8,9.8,236
2026-10-06T02:45:00-05:00,252,241,0.9563,17.94,4.2,13184,58,6.2,9.3,222
2026-10-06T02:50:00-05:00,250,238,0.952,17.3,4.1,13012,55,6.3,9.6,228
2026-10-06T02:55:00-05:00,239,228,0.954,17.29,4.0,12056,58,6.4,9.5,217
2026-10-06T03:00:00-05:00,218,209,0.9587,16.99,4.0,12122,46,6.2,10.3,199
2026-10-06T03:05:00-05:00,233,221,0.9485,17.22,4.3,12782,59,5.7,9.2,216
2026-10-06T03:10:00-05:00,218,209,0.9587,17.42,3.9,11338,50,6.0,9.3,188
2026-10-06T03:15:00-05:00,198,190,0.9596,16.9,3.8,10817,39,6.4,9.7,180
2026-10-06T03:20:00-05:00,202,193,0.9554,17.18,4.1,11141,42,5.7,9.3,175
2026-10-06T03:25:00-05:00,206,196,0.9515,17.37,4.1,10937,50,6.4,9.3,189
2026-10-06T03:30:00-05:00,179,171,0.9553,17.07,3.7,10095,42,6.2,9.3,177
2026-10-06T03:35:00-05:00,191,181,0.9476,17.17,4.2,11185,47,6.5,9.5,159
2026-10-06T03:40:00-05:00,187,178,0.9519,16.72,4.1,10466,47,6.2,9.3,155
2026-10-06T03:45:00-05:00,171,162,0.9474,17.02,4.1,9620,46,6.0,9.7,157
2026-10-06T03:50:00-05:00,178,171,0.9607,17.6,4.2,10023,42,5.9,9.5,167
2026-10-06T03:55:00-05:00,174,166,0.954,17.18,4.3,10227,47,6.2,9.7,149
2026-10-06T04:00:00-05:00,172,163,0.9477,16.57,3.7,9765,42,6.0,9.6,164
2026-10-06T04:05:00-05:00,181,173,0.9558,17.03,4.0,10744,47,5.5,10.1,162
2026-10-06T04:10:00-05:00,175,169,0.9657,16.53,4.3,10321,40,5.7,9.2,149
2026-10-06T04:15:00-05:00,178,170,0.9551,17.45,4.1,10130,37,6.0,9.5,144
2026-10-06T04:20:00-05:00,188,179,0.9521,16.82,4.3,10513,39,6.1,9.4,148
2026-10-06T04:25:00-05:00,178,170,0.9551,16.16,3.8,10076,37,6.0,9.5,141
2026-10-06T04:30:00-05:00,175,166,0.9486,16.61,4.3,10265,46,5.8,10.1,166
2026-10-06T04:35:00-05:00,173,166,0.9595,16.56,4.0,10291,39,6.2,9.6,147
2026-10-06T04:40:00-05:00,167,160,0.9581,16.97,4.4,9401,41,5.8,9.2,160
2026-10-06T04:45:00-05:00,184,176,0.9565,16.35,4.3,10015,35,6.0,10.0,148
2026-10-06T04:50:00-05:00,185,175,0.9459,16.96,4.1,10410,38,5.9,9.3,155
2026-10-06T04:55:00-05:00,199,189,0.9497,17.17,4.2,10796,48,6.1,9.7,177
2026-10-06T05:00:00-05:00,204,195,0.9559,16.93,3.8,11338,45,5.7,9.3,174
2026-10-06T05:05:00-05:00,208,197,0.9471,16.61,4.0,11154,51,6.0,9.2,178
2026-10-06T05:10:00-05:00,211,199,0.9431,15.82,4.3,11357,44,6.2,9.7,195
2026-10-06T05:15:00-05:00,213,205,0.9624,16.57,4.2,11492,46,5.9,9.8,196
2026-10-06T05:20:00-05:00,250,237,0.948,16.34,4.3,13094,49,6.0,9.5,209
2026-10-06T05:25:00-05:00,260,248,0.9538,15.8,4.3,13591,54,6.1,9.9,212
2026-10-06T05:30:00-05:00,278,264,0.9496,16.71,4.2,14434,63,5.5,9.7,256
2026-10-06T05:35:00-05:00,273,261,0.956,17.39,4.2,14477,55,6.2,9.7,265
2026-10-06T05:40:00-05:00,296,283,0.9561,17.51,4.2,15128,63,6.0,10.1,313
2026-10-06T05:45:00-05:00,359,336,0.9359,16.88,3.8,18309,73,5.9,9.3,313
2026-10-06T05:50:00-05:00,393,374,0.9517,16.96,4.4,18764,76,5.8,9.7,323
2026-10-06T05:55:00-05:00,413,390,0.9443,17.28,4.4,20084,74,6.1,10.0,317
2026-10-06T06:00:00-05:00,447,423,0.9463,17.63,4.3,21404,91,5.9,9.5,350
2026-10-06T06:05:00-05:00,472,445,0.9428,16.83,4.4,22511,104,6.1,9.6,457
2026-10-06T06:10:00-05:00,538,508,0.9442,16.74,4.6,24954,106,6.1,9.8,445
2026-10-06T06:15:00-05:00,590,557,0.9441,17.06,4.2,25833,101,6.4,9.8,525
2026-10-06T06:20:00-05:00,659,615,0.9332,17.0,4.2,30095,129,6.1,10.2,568
2026-10-06T06:25:00-05:00,735,695,0.9456,17.44,4.7,33220,139,6.6,10.9,595
2026-10-06T06:30:00-05:00,809,757,0.9357,17.6,5.0,36180,165,6.2,9.9,634
2026-10-06T06:35:00-05:00,795,744,0.9358,18.22,4.6,33680,142,6.4,10.0,803
2026-10-06T06:40:00-05:00,844,787,0.9325,17.65,5.4,37865,179,6.2,10.2,751
2026-10-06T06:45:00-05:00,952,907,0.9527,17.57,5.3,42735,209,6.1,9.9,849
2026-10-06T06:50:00-05:00,1118,1053,0.9419,17.84,5.0,48001,201,5.8,10.3,917
2026-10-06T06:55:00-05:00,1195,1112,0.9305,17.9,5.5,52884,230,6.4,10.0,931
2026-10-06T07:00:00-05:00,1299,1213,0.9338,18.05,5.4,54922,247,6.4,10.3,1159
2026-10-06T07:05:00-05:00,1397,1293,0.9256,18.61,4.9,59061,225,6.2,10.2,1177
2026-10-06T07:10:00-05:00,1411,1308,0.927,18.31,5.9,62832,273,6.2,10.7,1186
2026-10-06T07:15:00-05:00,1571,1460,0.9293,18.0,5.9,66302,274,6.4,10.9,1365
2026-10-06T07:20:00-05:00,1625,1508,0.928,18.18,6.0,69144,324,6.6,10.8,1269
2026-10-06T07:25:00-05:00,1582,1468,0.9279,19.11,6.0,64497,234,6.6,10.7,1537
2026-10-06T07:30:00-05:00,1771,1627,0.9187,18.37,5.8,69873,317,6.2,10.3,1542
2026-10-06T07:35:00-05:00,2187,2025,0.9259,19.36,6.1,88677,363,6.7,10.6,1573
2026-10-06T07:40:00-05:00,2051,1895,0.9239,19.19,6.0,84976,304,6.9,10.9,1748
2026-10-06T07:45:00-05:00,1837,1660,0.9036,19.48,6.1,78095,317,6.9,10.5,1765
2026-10-06T07:50:00-05:00,2073,1899,0.9161,19.13,6.5,88751,426,6.9,11.0,1744
2026-10-06T07:55:00-05:00,2012,1834,0.9115,19.78,6.4,82525,330,6.3,11.2,1936
2026-10-06T08:00:00-05:00,2164,1991,0.9201,19.05,5.8,92876,415,6.5,10.9,1945
2026-10-06T08:05:00-05:00,2111,1924,0.9114,19.84,6.8,86956,369,6.8,11.0,1968
2026-10-06T08:10:00-05:00,2225,2037,0.9155,19.88,6.9,89649,356,6.8,11.3,2085
2026-10-06T08:15:00-05:00,2217,2024,0.9129,20.21,6.9,87680,300,8.1,12.9,1860
2026-10-06T08:20:00-05:00,2235,2049,0.9168,19.59,6.8,90974,414,9.8,16.4,1899
2026-10-06T08:25:00-05:00,2237,2025,0.9052,19.36,7.2,90616,361,8.9,18.9,1824
2026-10-06T08:30:00-05:00,2312,2084,0.9014,19.69,6.2,94580,390,7.7,13.6,1923
2026-10-06T08:35:00-05:00,2162,1980,0.9158,18.79,6.7,86435,318,7.5,11.2,1963
2026-10-06T08:40:00-05:00,2145,1977,0.9217,18.78,6.4,92758,408,7.0,11.0,1893
2026-10-06T08:45:00-05:00,2355,2145,0.9108,18.67,6.1,95470,420,6.6,10.6,1876
2026-10-06T08:50:00-05:00,2079,1891,0.9096,18.79,6.3,81740,357,6.6,11.0,1815
2026-10-06T08:55:00-05:00,2017,1861,0.9227,18.89,5.9,85298,344,6.4,10.7,1690
2026-10-06T09:00:00-05:00,2028,1843,0.9088,18.62,6.3,87300,358,6.9,11.4,1731
2026-10-06T09:05:00-05:00,1928,1771,0.9186,19.27,5.9,82782,375,6.5,10.7,1698
2026-10-06T09:10:00-05:00,1817,1677,0.9229,19.07,5.5,76046,349,6.4,10.6,1711
2026-10-06T09:15:00-05:00,1804,1657,0.9185,18.06,5.9,75837,308,6.2,10.5,1566
2026-10-06T09:20:00-05:00,1730,1592,0.9202,18.32,6.3,74243,315,6.3,10.5,1633
2026-10-06T09:25:00-05:00,1603,1499,0.9351,18.79,5.6,66990,255,6.2,10.6,1639
2026-10-06T09:30:00-05:00,1457,1347,0.9245,17.85,5.3,61866,246,6.6,10.4,1478
2026-10-06T09:35:00-05:00,1529,1422,0.93,18.04,5.5,68501,280,6.7,10.2,1358
2026-10-06T09:40:00-05:00,1475,1379,0.9349,18.27,5.4,62787,198,6.7,10.3,1244
2026-10-06T09:45:00-05:00,1409,1290,0.9155,17.96,5.1,61451,240,7.0,10.1,1183
2026-10-06T09:50:00-05:00,1390,1289,0.9273,17.99,4.9,62693,290,6.5,10.6,1055
2026-10-06T09:55:00-05:00,1369,1280,0.935,18.24,5.2,59104,238,5.9,10.9,1126
2026-10-06T10:00:00-05:00,1214,1131,0.9316,17.74,4.8,53577,249,6.3,10.5,1118
2026-10-06T10:05:00-05:00,1098,1020,0.929,17.12,4.6,46245,206,6.3,9.9,1156
2026-10-06T10:10:00-05:00,1138,1063,0.9341,17.88,4.6,51087,232,6.6,10.1,1057
2026-10-06T10:15:00-05:00,1149,1060,0.9225,16.86,4.6,49335,201,5.9,10.1,1073
2026-10-06T10:20:00-05:00,1098,1018,0.9271,16.69,4.7,46265,205,6.2,10.2,965
2026-10-06T10:25:00-05:00,1124,1050,0.9342,17.35,4.7,49140,205,6.2,10.5,1028
2026-10-06T10:30:00-05:00,1127,1064,0.9441,17.11,4.7,47545,179,5.9,9.8,918
2026-10-06T10:35:00-05:00,1095,1016,0.9279,16.95,4.6,47263,216,6.4,9.9,939
2026-10-06T10:40:00-05:00,1062,998,0.9397,17.19,4.2,46964,244,6.6,10.3,965
2026-10-06T10:45:00-05:00,1082,1010,0.9335,16.51,4.5,49441,234,6.2,10.0,899
2026-10-06T10:50:00-05:00,1053,978,0.9288,16.73,4.2,47327,174,6.5,9.9,929
2026-10-06T10:55:00-05:00,962,915,0.9511,16.47,4.5,41493,204,6.4,10.5,919
2026-10-06T11:00:00-05:00,1034,965,0.9333,16.51,4.2,44165,201,6.0,10.1,916
2026-10-06T11:05:00-05:00,1020,957,0.9382,16.84,4.0,44066,200,6.4,9.8,899
2026-10-06T11:10:00-05:00,930,868,0.9333,16.64,4.2,42568,176,6.2,10.1,926
2026-10-06T11:15:00-05:00,981,923,0.9409,16.5,3.9,41902,192,6.1,9.8,992
2026-10-06T11:20:00-05:00,994,942,0.9477,16.69,4.0,45321,161,6.8,10.3,918
2026-10-06T11:25:00-05:00,1062,988,0.9303,16.6,4.1,45873,174,6.2,9.9,1002
2026-10-06T11:30:00-05:00,1097,1036,0.9444,16.79,4.2,49538,181,6.3,10.3,992
2026-10-06T11:35:00-05:00,984,918,0.9329,16.83,3.9,43726,155,6.2,9.9,965
2026-10-06T11:40:00-05:00,1041,969,0.9308,16.38,4.2,45608,211,6.1,10.4,978
2026-10-06T11:45:00-05:00,1048,988,0.9427,17.01,4.1,46930,190,6.1,10.7,906
2026-10-06T11:50:00-05:00,1010,948,0.9386,16.87,4.0,45198,181,5.8,10.6,988
2026-10-06T11:55:00-05:00,1068,995,0.9316,15.93,4.3,46564,209,6.1,10.1,996
2026-10-06T12:00:00-05:00,1128,1055,0.9353,16.43,3.5,48219,210,6.2,9.9,960
2026-10-06T12:05:00-05:00,1192,1100,0.9228,15.81,3.7,50544,199,6.3,10.2,921
2026-10-06T12:10:00-05:00,1207,1130,0.9362,16.62,4.3,50808,230,6.1,10.1,1015
2026-10-06T12:15:00-05:00,1173,1099,0.9369,16.12,4.4,46739,175,6.1,10.1,1066
2026-10-06T12:20:00-05:00,1091,1021,0.9358,16.19,4.6,49621,258,6.4,10.1,1039
2026-10-06T12:25:00-05:00,1053,980,0.9307,15.78,4.2,45856,175,6.0,9.9,967
2026-10-06T12:30:00-05:00,1063,993,0.9341,16.1,4.1,45991,212,6.1,10.2,1081
2026-10-06T12:35:00-05:00,1078,1007,0.9341,17.09,4.1,46968,211,6.3,10.4,987
2026-10-06T12:40:00-05:00,1122,1048,0.934,16.74,4.2,48268,209,6.3,10.0,993
2026-10-06T12:45:00-05:00,1093,1021,0.9341,16.74,3.7,47094,185,6.2,10.2,1021
2026-10-06T12:50:00-05:00,1175,1096,0.9328,17.1,4.3,51014,207,6.3,10.0,1044
2026-10-06T12:55:00-05:00,1212,1136,0.9373,16.1,4.5,53598,214,6.5,9.8,972
2026-10-06T13:00:00-05:00,1143,1073,0.9388,17.03,4.0,49012,236,5.9,10.1,1051
2026-10-06T13:05:00-05:00,1142,1066,0.9335,16.35,3.9,50229,187,6.5,10.6,920
2026-10-06T13:10:00-05:00,1103,1027,0.9311,16.92,4.3,46174,195,6.3,10.2,1033
2026-10-06T13:15:00-05:00,1148,1074,0.9355,16.61,4.2,49957,199,5.9,9.9,1035
2026-10-06T13:20:00-05:00,1245,1167,0.9373,15.68,3.9,56759,235,6.3,10.0,912
2026-10-06T13:25:00-05:00,1213,1117,0.9209,16.35,4.3,51263,219,6.1,10.1,943
2026-10-06T13:30:00-05:00,1181,1110,0.9399,16.27,4.6,49811,191,5.9,10.2,981
2026-10-06T13:35:00-05:00,1084,1022,0.9428,16.12,4.0,47071,221,6.2,10.3,1072
2026-10-06T13:40:00-05:00,1120,1044,0.9321,16.18,4.3,48481,209,6.4,10.3,1079
2026-10-06T13:45:00-05:00,1025,959,0.9356,16.37,4.2,46169,176,6.4,10.4,948
2026-10-06T13:50:00-05:00,1248,1157,0.9271,16.1,3.7,55589,219,6.1,10.7,1014
2026-10-06T13:55:00-05:00,1097,1036,0.9444,16.65,4.1,46798,207,6.2,10.5,975
2026-10-06T14:00:00-05:00,1167,1082,0.9272,16.59,3.9,48354,190,6.4,10.4,999
2026-10-06T14:05:00-05:00,1128,1056,0.9362,16.29,3.7,48473,206,6.1,10.2,1033
2026-10-06T14:10:00-05:00,1088,1003,0.9219,16.14,4.4,45785,208,6.4,10.6,993
2026-10-06T14:15:00-05:00,1049,987,0.9409,16.56,4.4,45182,195,6.6,10.1,1004
2026-10-06T14:20:00-05:00,1195,1116,0.9339,17.18,4.2,50273,216,6.5,10.2,907
2026-10-06T14:25:00-05:00,1102,1034,0.9383,15.84,4.0,49367,192,6.2,10.2,996
2026-10-06T14:30:00-05:00,1117,1042,0.9329,16.54,4.6,47758,182,6.2,9.9,972
2026-10-06T14:35:00-05:00,1196,1114,0.9314,17.58,4.4,52597,206,5.9,10.0,1015
2026-10-06T14:40:00-05:00,1178,1101,0.9346,16.69,4.3,51485,190,6.3,10.2,1113
2026-10-06T14:45:00-05:00,1209,1128,0.933,16.47,4.8,52984,225,6.4,10.4,1098
2026-10-06T14:50:00-05:00,1170,1093,0.9342,16.41,4.2,50298,211,6.2,10.3,1031
2026-10-06T14:55:00-05:00,1235,1156,0.936,17.52,4.7,54639,190,6.6,10.3,997
2026-10-06T15:00:00-05:00,1272,1179,0.9269,16.91,4.3,54483,252,6.2,10.7,1042
2026-10-06T15:05:00-05:00,1259,1182,0.9388,17.35,4.8,54171,245,5.9,10.4,1140
2026-10-06T15:10:00-05:00,1390,1293,0.9302,17.52,4.6,62040,255,6.8,10.0,1073
2026-10-06T15:15:00-05:00,1267,1175,0.9274,16.87,4.8,53310,226,6.4,10.5,1125
2026-10-06T15:20:00-05:00,1305,1215,0.931,17.22,4.6,57484,260,6.2,10.6,1148
2026-10-06T15:25:00-05:00,1402,1308,0.933,17.38,5.1,62694,223,6.6,10.2,1255
2026-10-06T15:30:00-05:00,1583,1473,0.9305,17.33,4.9,67028,277,6.6,10.1,1202
2026-10-06T15:35:00-05:00,1522,1424,0.9356,17.75,5.3,68664,321,6.3,10.3,1417
2026-10-06T15:40:00-05:00,1578,1461,0.9259,16.98,5.5,71036,278,6.3,10.4,1302
2026-10-06T15:45:00-05:00,1661,1533,0.9229,18.14,4.8,71741,326,6.4,10.2,1362
2026-10-06T15:50:00-05:00,1647,1519,0.9223,17.99,5.1,67031,290,6.3,10.4,1367
2026-10-06T15:55:00-05:00,1768,1643,0.9293,17.42,5.8,75657,247,6.5,10.3,1419
2026-10-06T16:00:00-05:00,1853,1712,0.9239,18.09,5.3,80908,342,6.4,10.3,1593
2026-10-06T16:05:00-05:00,1772,1625,0.917,18.89,5.5,75171,341,6.7,10.8,1481
2026-10-06T16:10:00-05:00,1829,1671,0.9136,18.94,5.9,74451,357,6.5,10.5,1588
2026-10-06T16:15:00-05:00,1894,1748,0.9229,18.76,6.0,80068,355,6.5,10.8,1571
2026-10-06T16:20:00-05:00,1923,1767,0.9189,19.25,5.7,78061,343,6.7,10.7,1665
2026-10-06T16:25:00-05:00,2031,1859,0.9153,19.41,5.9,86045,313,6.8,10.6,1719
2026-10-06T16:30:00-05:00,2216,2030,0.9161,18.97,6.4,86976,378,6.7,10.7,1702
2026-10-06T16:35:00-05:00,2296,2106,0.9172,19.02,6.2,99303,403,6.9,10.6,1940
2026-10-06T16:40:00-05:00,2252,2062,0.9156,19.19,6.8,91728,406,6.6,10.8,1882
2026-10-06T16:45:00-05:00,2191,1992,0.9092,19.15,6.5,93149,364,6.5,10.6,1935
2026-10-06T16:50:00-05:00,2470,2243,0.9081,19.15,6.9,100284,391,6.5,11.4,1975
2026-10-06T16:55:00-05:00,2261,2035,0.9,19.8,6.6,92519,362,6.3,10.8,2133
2026-10-06T17:00:00-05:00,2386,2157,0.904,19.63,7.2,98966,378,7.0,11.2,2077
2026-10-06T17:05:00-05:00,2306,2107,0.9137,19.64,6.5,97935,395,6.8,11.0,2035
2026-10-06T17:10:00-05:00,2682,2428,0.9053,19.42,7.0,109290,487,6.6,10.8,2030
2026-10-06T17:15:00-05:00,2442,2235,0.9152,20.08,7.1,104340,436,6.3,11.1,2338
2026-10-06T17:20:00-05:00,2459,2227,0.9057,19.65,7.3,101210,495,6.8,11.1,2386
2026-10-06T17:25:00-05:00,2530,2271,0.8976,20.6,7.2,108420,530,7.2,11.1,2052
2026-10-06T17:30:00-05:00,2704,2438,0.9016,19.91,7.2,115434,423,6.9,11.0,2186
2026-10-06T17:35:00-05:00,2487,2270,0.9127,20.69,7.6,101203,515,6.7,11.1,2139
2026-10-06T17:40:00-05:00,2845,2556,0.8984,21.01,7.4,119063,424,6.7,11.1,2163
2026-10-06T17:45:00-05:00,2437,2213,0.9081,20.15,7.4,103017,418,6.6,10.9,2146
2026-10-06T17:50:00-05:00,2684,2418,0.9009,20.93,7.7,106911,430,6.7,11.1,2274
2026-10-06T17:55:00-05:00,2933,2664,0.9083,20.09,7.1,129278,546,6.9,11.2,2365
2026-10-06T18:00:00-05:00,2677,2420,0.904,20.21,7.2,112768,461,6.8,11.1,2458
2026-10-06T18:05:00-05:00,2710,2419,0.8926,20.37,7.5,109836,392,6.9,11.1,2176
2026-10-06T18:10:00-05:00,2692,2440,0.9064,20.15,7.4,115757,527,6.8,11.0,2309
2026-10-06T18:15:00-05:00,2482,2264,0.9122,19.85,7.7,103272,467,6.7,10.9,2084
2026-10-06T18:20:00-05:00,2687,2444,0.9096,20.48,7.1,113523,466,6.6,11.8,2425
2026-10-06T18:25:00-05:00,2771,2521,0.9098,19.93,7.2,121112,539,7.0,11.1,2098
2026-10-06T18:30:00-05:00,2638,2381,0.9026,19.59,7.1,103710,410,6.7,11.2,2198
2026-10-06T18:35:00-05:00,2534,2270,0.8958,19.39,7.2,99433,451,6.8,10.9,2248
2026-10-06T18:40:00-05:00,2450,2206,0.9004,19.66,7.2,101267,445,6.5,11.0,2047
2026-10-06T18:45:00-05:00,2285,2081,0.9107,19.49,7.1,91954,394,7.0,11.2,2084
2026-10-06T18:50:00-05:00,2512,2268,0.9029,19.92,6.7,106571,368,7.1,11.0,2164
2026-10-06T18:55:00-05:00,2276,2086,0.9165,19.34,6.8,91299,348,7.0,11.1,2032
2026-10-06T19:00:00-05:00,2321,2099,0.9044,18.96,6.8,96765,451,6.9,10.9,2173
2026-10-06T19:05:00-05:00,2387,2205,0.9238,19.54,6.2,97190,404,6.8,10.8,2099
2026-10-06T19:10:00-05:00,2241,2050,0.9148,19.19,6.7,87917,377,6.7,10.9,2059
2026-10-06T19:15:00-05:00,2166,1985,0.9164,19.58,6.1,92393,425,6.6,10.8,1841
2026-10-06T19:20:00-05:00,2102,1928,0.9172,19.73,5.8,87523,415,6.6,11.1,1809
2026-10-06T19:25:00-05:00,1998,1825,0.9134,18.87,6.4,82359,348,6.8,11.1,1900
2026-10-06T19:30:00-05:00,2077,1898,0.9138,18.54,5.7,85305,356,6.5,11.0,1756
2026-10-06T19:35:00-05:00,1951,1801,0.9231,19.03,5.9,85321,370,6.4,10.7,1542
2026-10-06T19:40:00-05:00,1865,1702,0.9126,18.99,5.8,75466,295,6.4,11.1,1561
2026-10-06T19:45:00-05:00,1940,1794,0.9247,18.37,5.4,81149,326,6.5,10.5,1693
2026-10-06T19:50:00-05:00,1777,1625,0.9145,18.86,5.0,73760,324,6.7,10.6,1727
2026-10-06T19:55:00-05:00,1668,1516,0.9089,18.6,5.5,71012,321,6.8,11.1,1500
2026-10-06T20:00:00-05:00,1749,1608,0.9194,17.7,5.1,74724,325,6.5,10.9,1517
2026-10-06T20:05:00-05:00,1689,1572,0.9307,17.91,5.1,71011,293,6.6,11.0,1479
2026-10-06T20:10:00-05:00,1558,1447,0.9288,18.55,5.3,67157,256,6.5,10.5,1454
2026-10-06T20:15:00-05:00,1670,1528,0.915,17.62,4.6,71125,318,6.2,10.5,1417
2026-10-06T20:20:00-05:00,1542,1421,0.9215,17.39,4.9,62450,265,6.4,10.5,1283
2026-10-06T20:25:00-05:00,1490,1392,0.9342,18.06,5.1,63625,295,6.4,10.1,1172
2026-10-06T20:30:00-05:00,1536,1431,0.9316,17.37,5.0,66263,251,6.5,10.4,1212
2026-10-06T20:35:00-05:00,1432,1332,0.9302,17.11,5.1,61033,245,6.6,10.5,1267
2026-10-06T20:40:00-05:00,1216,1129,0.9285,16.85,5.3,53692,191,5.9,10.2,1190
2026-10-06T20:45:00-05:00,1347,1239,0.9198,17.1,4.8,58705,223,6.4,10.1,1131
2026-10-06T20:50:00-05:00,1350,1258,0.9319,17.32,4.1,59959,291,5.9,10.5,1035
2026-10-06T20:55:00-05:00,1265,1176,0.9296,17.07,4.5,53097,181,6.3,10.0,1067
2026-10-06T21:00:00-05:00,1216,1124,0.9243,17.1,4.3,51783,188,6.0,10.4,1128
2026-10-06T21:05:00-05:00,1171,1092,0.9325,17.08,4.5,50089,221,6.1,10.3,1022
2026-10-06T21:10:00-05:00,1182,1106,0.9357,17.62,4.1,52672,213,6.5,10.0,1051
2026-10-06T21:15:00-05:00,1107,1028,0.9286,17.34,4.4,48256,188,6.3,10.0,1083
2026-10-06T21:20:00-05:00,1161,1084,0.9337,17.29,4.8,51894,233,6.4,10.6,1053
2026-10-06T21:25:00-05:00,1096,1007,0.9188,17.89,4.3,47098,219,6.1,10.1,999
2026-10-06T21:30:00-05:00,1006,933,0.9274,17.33,4.5,42340,184,6.4,9.8,987
2026-10-06T21:35:00-05:00,1053,993,0.943,17.28,3.8,47512,207,6.0,9.8,929
2026-10-06T21:40:00-05:00,997,942,0.9448,16.98,4.3,44864,202,6.7,10.1,928
2026-10-06T21:45:00-05:00,1079,1025,0.95,17.26,4.0,48335,187,6.2,10.1,832
2026-10-06T21:50:00-05:00,1057,983,0.93,17.53,4.1,44952,188,6.2,10.1,803
2026-10-06T21:55:00-05:00,988,921,0.9322,17.22,3.9,42665,185,6.5,10.1,866
2026-10-06T22:00:00-05:00,1008,941,0.9335,17.13,4.4,43745,135,6.2,10.1,795
2026-10-06T22:05:00-05:00,1009,945,0.9366,17.85,4.3,45146,186,6.6,9.9,838
2026-10-06T22:10:00-05:00,964,894,0.9274,18.05,3.8,43720,176,6.2,10.2,798
2026-10-06T22:15:00-05:00,936,879,0.9391,17.48,3.8,41234,177,6.3,9.9,829
2026-10-06T22:20:00-05:00,873,826,0.9462,18.05,3.9,38005,175,6.5,10.4,836
2026-10-06T22:25:00-05:00,971,910,0.9372,17.74,4.1,42158,177,6.3,9.8,870
2026-10-06T22:30:00-05:00,964,896,0.9295,18.21,4.1,41724,143,6.2,10.1,827
2026-10-06T22:35:00-05:00,936,869,0.9284,18.2,4.2,43020,192,5.9,10.3,768
2026-10-06T22:40:00-05:00,921,868,0.9425,18.44,3.9,40542,153,5.7,9.8,881
2026-10-06T22:45:00-05:00,898,850,0.9465,18.24,4.6,39041,172,6.6,10.0,716
2026-10-06T22:50:00-05:00,892,839,0.9406,18.51,4.2,40148,161,6.2,9.9,771
2026-10-06T22:55:00-05:00,872,816,0.9358,18.54,3.7,39471,193,5.8,9.8,771
2026-10-06T23:00:00-05:00,873,817,0.9359,18.69,3.9,39985,179,6.2,10.2,826
2026-10-06T23:05:00-05:00,916,852,0.9301,18.09,4.2,40793,170,6.3,10.1,851
2026-10-06T23:10:00-05:00,968,898,0.9277,18.87,4.2,40635,167,6.4,10.0,692
2026-10-06T23:15:00-05:00,834,776,0.9305,19.12,3.9,38002,162,6.5,10.1,785
2026-10-06T23:20:00-05:00,831,786,0.9458,19.33,4.2,39020,184,6.0,10.1,712
2026-10-06T23:25:00-05:00,834,780,0.9353,18.38,4.1,36397,137,6.3,10.0,712
2026-10-06T23:30:00-05:00,806,753,0.9342,19.8,4.1,36441,157,6.0,10.1,749
2026-10-06T23:35:00-05:00,835,787,0.9425,19.68,3.8,37241,145,6.4,10.2,734
2026-10-06T23:40:00-05:00,860,808,0.9395,19.26,4.0,37946,132,5.9,10.1,717
2026-10-06T23:45:00-05:00,735,687,0.9347,19.86,4.3,32045,137,6.3,9.7,665
2026-10-06T23:50:00-05:00,766,720,0.9399,18.74,4.3,35258,148,5.7,9.8,749
2026-10-06T23:55:00-05:00,742,705,0.9501,18.81,4.2,35747,153,6.3,9.9,670
